E_bits,I_bits,S_bits,allocs_per_op,avg_attempts_per_success,avg_trie_attempts,benchmark,bits_key_in_mem,bits_per_key,bucket_overhead_bytes,bucket_size,bytes_in_mem,bytes_per_op,compact_bits_key,delimiter_storage_bytes,exact_trie_bytes,failed_builds,fast_bits_key,fast_vs_compact_ratio,keys,keysize,max_trie_attempts,module,ns_per_op,num_buckets,prefixlen,samples,successful_builds,total_bytes,trie_percent_of_total
8.0,8.0,16.0,1262.0,,,BenchmarkRangeLocatorBuild,,98.0,,,,74621.0,,,,,,,32.0,64.0,,rloc,249745.0,,,5,,392.0,
8.0,8.0,16.0,11179.0,,,BenchmarkRangeLocatorBuild,,68.28,,,,581461.0,,,,,,,256.0,64.0,,rloc,2282698.0,,,5,,2185.0,
8.0,8.0,16.0,53364.0,,,BenchmarkRangeLocatorBuild,,66.49,,,,2370328.0,,,,,,,1024.0,64.0,,rloc,11968972.0,,,5,,8511.0,
8.0,16.0,16.0,463106.0,,,BenchmarkRangeLocatorBuild,,66.6,,,,19179621.0,,,,,,,8192.0,64.0,,rloc,88695905.0,,,5,,68198.0,
8.0,16.0,16.0,1863116.0,,,BenchmarkRangeLocatorBuild,,66.2,,,,76827552.0,,,,,,,32768.0,64.0,,rloc,403036151.0,,,5,,271145.0,
8.0,16.0,16.0,16236400.0,,,BenchmarkRangeLocatorBuild,,65.93,,,,625447800.0,,,,,,,262144.0,64.0,,rloc,3692242510.0,,,5,,2160302.0,
8.0,8.0,16.0,1251.0,,,BenchmarkRangeLocatorBuild,,95.5,,,,75224.0,,,,,,,32.0,128.0,,rloc,303429.0,,,5,,382.0,
8.0,8.0,16.0,11134.0,,,BenchmarkRangeLocatorBuild,,68.62,,,,587313.0,,,,,,,256.0,128.0,,rloc,2245598.0,,,5,,2196.0,
8.0,8.0,16.0,55190.0,,,BenchmarkRangeLocatorBuild,,66.48,,,,2415070.0,,,,,,,1024.0,128.0,,rloc,11721802.0,,,5,,8509.0,
8.0,16.0,16.0,485710.0,,,BenchmarkRangeLocatorBuild,,66.91,,,,19633616.0,,,,,,,8192.0,128.0,,rloc,104870804.0,,,5,,68518.0,
8.0,16.0,16.0,3163074.0,,,BenchmarkRangeLocatorBuild,,66.98,,,,90022914.0,,,,,,,32768.0,128.0,,rloc,565602580.0,,,5,,274365.0,
8.0,16.0,32.0,208814487.0,,,BenchmarkRangeLocatorBuild,,67.34,,,,2679097680.0,,,,,,,262144.0,128.0,,rloc,22213221264.0,,,5,,2206495.0,
16.0,8.0,16.0,1301.0,,,BenchmarkRangeLocatorBuild,,100.2,,,,79032.0,,,,,,,32.0,256.0,,rloc,295769.0,,,5,,401.0,
16.0,8.0,16.0,11874.0,,,BenchmarkRangeLocatorBuild,,73.12,,,,625448.0,,,,,,,256.0,256.0,,rloc,2571718.0,,,5,,2340.0,
16.0,8.0,16.0,55959.0,,,BenchmarkRangeLocatorBuild,,68.75,,,,2535991.0,,,,,,,1024.0,256.0,,rloc,12003411.0,,,5,,8800.0,
16.0,16.0,16.0,526444.0,,,BenchmarkRangeLocatorBuild,,68.7,,,,21069573.0,,,,,,,8192.0,256.0,,rloc,120009760.0,,,5,,70349.0,
16.0,16.0,16.0,2454570.0,,,BenchmarkRangeLocatorBuild,,68.41,,,,88333496.0,,,,,,,32768.0,256.0,,rloc,619646248.0,,,5,,280188.0,
16.0,16.0,32.0,189555988.0,,,BenchmarkRangeLocatorBuild,,68.76,,,,2644433352.0,,,,,,,262144.0,256.0,,rloc,20480853382.0,,,5,,2253045.0,
16.0,8.0,16.0,1344.0,,,BenchmarkRangeLocatorBuild,,112.2,,,,83784.0,,,,,,,32.0,512.0,,rloc,246341.0,,,5,,449.0,
16.0,8.0,16.0,11937.0,,,BenchmarkRangeLocatorBuild,,73.12,,,,657600.0,,,,,,,256.0,512.0,,rloc,2230779.0,,,5,,2340.0,
16.0,8.0,16.0,57137.0,,,BenchmarkRangeLocatorBuild,,71.73,,,,2701841.0,,,,,,,1024.0,512.0,,rloc,11396148.0,,,5,,9182.0,
16.0,16.0,16.0,555109.0,,,BenchmarkRangeLocatorBuild,,71.91,,,,22698821.0,,,,,,,8192.0,512.0,,rloc,104880654.0,,,5,,73638.0,
16.0,16.0,16.0,3978319.0,,,BenchmarkRangeLocatorBuild,,71.25,,,,112771514.0,,,,,,,32768.0,512.0,,rloc,620455540.0,,,5,,291837.0,
16.0,16.0,32.0,181613265.0,,,BenchmarkRangeLocatorBuild,,71.81,,,,2792706544.0,,,,,,,262144.0,512.0,,rloc,22156114346.0,,,5,,2353211.0,
16.0,8.0,16.0,1275.0,,,BenchmarkRangeLocatorBuild,,126.8,,,,90280.0,,,,,,,32.0,1024.0,,rloc,300838.0,,,5,,507.0,
16.0,8.0,16.0,11880.0,,,BenchmarkRangeLocatorBuild,,80.28,,,,718167.0,,,,,,,256.0,1024.0,,rloc,3153532.0,,,5,,2569.0,
16.0,8.0,16.0,57657.0,,,BenchmarkRangeLocatorBuild,,81.28,,,,3052970.0,,,,,,,1024.0,1024.0,,rloc,16865498.0,,,5,,10404.0,
16.0,16.0,16.0,547828.0,,,BenchmarkRangeLocatorBuild,,77.72,,,,25645564.0,,,,,,,8192.0,1024.0,,rloc,148091524.0,,,5,,79590.0,
16.0,16.0,16.0,4777104.0,,,BenchmarkRangeLocatorBuild,,77.61,,,,143947064.0,,,,,,,32768.0,1024.0,,rloc,1179579027.0,,,5,,317895.0,
16.0,16.0,32.0,169430300.0,,,BenchmarkRangeLocatorBuild,,77.7,,,,3160307648.0,,,,,,,262144.0,1024.0,,rloc,26634363196.0,,,5,,2545913.0,
16.0,8.0,16.0,1274.0,,,BenchmarkRangeLocatorBuild,,223.0,,,,144808.0,,,,,,,32.0,4096.0,,rloc,458235.0,,,5,,892.0,
16.0,8.0,16.0,12200.0,,,BenchmarkRangeLocatorBuild,,100.8,,,,1230208.0,,,,,,,256.0,4096.0,,rloc,3714611.0,,,5,,3224.0,
16.0,8.0,16.0,57908.0,,,BenchmarkRangeLocatorBuild,,113.0,,,,4926094.0,,,,,,,1024.0,4096.0,,rloc,16399021.0,,,5,,14469.0,
16.0,16.0,16.0,608807.0,,,BenchmarkRangeLocatorBuild,,114.6,,,,48721699.0,,,,,,,8192.0,4096.0,,rloc,188469673.0,,,5,,117305.0,
16.0,16.0,16.0,3925149.0,,,BenchmarkRangeLocatorBuild,,113.7,,,,253238404.0,,,,,,,32768.0,4096.0,,rloc,1506032669.0,,,5,,465629.0,
16.0,16.0,32.0,144933972.0,,,BenchmarkRangeLocatorBuild,,114.4,,,,5600120584.0,,,,,,,262144.0,4096.0,,rloc,27362519548.0,,,5,,3749871.0,
,,,9.0,,,BenchmarkRangeLocatorQuery,,,,,,80.0,,,,,,,32.0,64.0,,rloc,924.1,,,5,,,
,,,12.0,,,BenchmarkRangeLocatorQuery,,,,,,105.0,,,,,,,256.0,64.0,,rloc,1306.0,,,5,,,
,,,16.0,,,BenchmarkRangeLocatorQuery,,,,,,137.0,,,,,,,1024.0,64.0,,rloc,1951.0,,,5,,,
,,,18.0,,,BenchmarkRangeLocatorQuery,,,,,,154.0,,,,,,,8192.0,64.0,,rloc,2100.0,,,5,,,
,,,18.0,,,BenchmarkRangeLocatorQuery,,,,,,149.0,,,,,,,32768.0,64.0,,rloc,2393.0,,,5,,,
,,,21.0,,,BenchmarkRangeLocatorQuery,,,,,,173.0,,,,,,,262144.0,64.0,,rloc,2996.0,,,5,,,
,,,9.0,,,BenchmarkRangeLocatorQuery,,,,,,88.0,,,,,,,32.0,128.0,,rloc,1008.0,,,5,,,
,,,12.0,,,BenchmarkRangeLocatorQuery,,,,,,113.0,,,,,,,256.0,128.0,,rloc,1561.0,,,5,,,
,,,17.0,,,BenchmarkRangeLocatorQuery,,,,,,151.0,,,,,,,1024.0,128.0,,rloc,2460.0,,,5,,,
,,,19.0,,,BenchmarkRangeLocatorQuery,,,,,,169.0,,,,,,,8192.0,128.0,,rloc,2623.0,,,5,,,
,,,19.0,,,BenchmarkRangeLocatorQuery,,,,,,167.0,,,,,,,32768.0,128.0,,rloc,3462.0,,,5,,,
,,,21.0,,,BenchmarkRangeLocatorQuery,,,,,,189.0,,,,,,,262144.0,128.0,,rloc,1693.0,,,5,,,
,,,10.0,,,BenchmarkRangeLocatorQuery,,,,,,134.0,,,,,,,32.0,256.0,,rloc,699.7,,,5,,,
,,,13.0,,,BenchmarkRangeLocatorQuery,,,,,,168.0,,,,,,,256.0,256.0,,rloc,1065.0,,,5,,,
,,,17.0,,,BenchmarkRangeLocatorQuery,,,,,,199.0,,,,,,,1024.0,256.0,,rloc,1624.0,,,5,,,
,,,20.0,,,BenchmarkRangeLocatorQuery,,,,,,224.0,,,,,,,8192.0,256.0,,rloc,1830.0,,,5,,,
,,,19.0,,,BenchmarkRangeLocatorQuery,,,,,,224.0,,,,,,,32768.0,256.0,,rloc,2068.0,,,5,,,
,,,23.0,,,BenchmarkRangeLocatorQuery,,,,,,246.0,,,,,,,262144.0,256.0,,rloc,1933.0,,,5,,,
,,,10.0,,,BenchmarkRangeLocatorQuery,,,,,,186.0,,,,,,,32.0,512.0,,rloc,694.0,,,5,,,
,,,14.0,,,BenchmarkRangeLocatorQuery,,,,,,218.0,,,,,,,256.0,512.0,,rloc,1228.0,,,5,,,
,,,18.0,,,BenchmarkRangeLocatorQuery,,,,,,255.0,,,,,,,1024.0,512.0,,rloc,1722.0,,,5,,,
,,,20.0,,,BenchmarkRangeLocatorQuery,,,,,,285.0,,,,,,,8192.0,512.0,,rloc,1919.0,,,5,,,
,,,20.0,,,BenchmarkRangeLocatorQuery,,,,,,300.0,,,,,,,32768.0,512.0,,rloc,1948.0,,,5,,,
,,,23.0,,,BenchmarkRangeLocatorQuery,,,,,,316.0,,,,,,,262144.0,512.0,,rloc,2297.0,,,5,,,
,,,10.0,,,BenchmarkRangeLocatorQuery,,,,,,280.0,,,,,,,32.0,1024.0,,rloc,898.1,,,5,,,
,,,14.0,,,BenchmarkRangeLocatorQuery,,,,,,308.0,,,,,,,256.0,1024.0,,rloc,1106.0,,,5,,,
,,,18.0,,,BenchmarkRangeLocatorQuery,,,,,,376.0,,,,,,,1024.0,1024.0,,rloc,1793.0,,,5,,,
,,,21.0,,,BenchmarkRangeLocatorQuery,,,,,,415.0,,,,,,,8192.0,1024.0,,rloc,2182.0,,,5,,,
,,,21.0,,,BenchmarkRangeLocatorQuery,,,,,,448.0,,,,,,,32768.0,1024.0,,rloc,2322.0,,,5,,,
,,,24.0,,,BenchmarkRangeLocatorQuery,,,,,,458.0,,,,,,,262144.0,1024.0,,rloc,2405.0,,,5,,,
,,,10.0,,,BenchmarkRangeLocatorQuery,,,,,,913.0,,,,,,,32.0,4096.0,,rloc,1286.0,,,5,,,
,,,14.0,,,BenchmarkRangeLocatorQuery,,,,,,1036.0,,,,,,,256.0,4096.0,,rloc,2015.0,,,5,,,
,,,18.0,,,BenchmarkRangeLocatorQuery,,,,,,1034.0,,,,,,,1024.0,4096.0,,rloc,2168.0,,,5,,,
,,,22.0,,,BenchmarkRangeLocatorQuery,,,,,,1312.0,,,,,,,8192.0,4096.0,,rloc,3245.0,,,5,,,
,,,22.0,,,BenchmarkRangeLocatorQuery,,,,,,1370.0,,,,,,,32768.0,4096.0,,rloc,3612.0,,,5,,,
,,,25.0,,,BenchmarkRangeLocatorQuery,,,,,,1373.0,,,,,,,262144.0,4096.0,,rloc,3437.0,,,5,,,
,,,1515.0,,,BenchmarkLocalExactRangeLocatorBuildFast,,245.0,,,,123000.0,,,,,,,32.0,64.0,,lerloc,372426.0,,,5,,,
,,,12566.0,,,BenchmarkLocalExactRangeLocatorBuildFast,,147.7,,,,951073.0,,,,,,,256.0,64.0,,lerloc,3562911.0,,,5,,,
,,,58561.0,,,BenchmarkLocalExactRangeLocatorBuildFast,,138.4,,,,3829823.0,,,,,,,1024.0,64.0,,lerloc,18384914.0,,,5,,,
,,,500250.0,,,BenchmarkLocalExactRangeLocatorBuildFast,,131.1,,,,30885512.0,,,,,,,8192.0,64.0,,lerloc,119680434.0,,,5,,,
,,,2010768.0,,,BenchmarkLocalExactRangeLocatorBuildFast,,130.2,,,,124611208.0,,,,,,,32768.0,64.0,,lerloc,514863228.0,,,5,,,
,,,17545030.0,,,BenchmarkLocalExactRangeLocatorBuildFast,,135.7,,,,1033971440.0,,,,,,,262144.0,64.0,,lerloc,5449768353.0,,,5,,,
,,,1505.0,,,BenchmarkLocalExactRangeLocatorBuildFast,,252.2,,,,152336.0,,,,,,,32.0,128.0,,lerloc,439131.0,,,5,,,
,,,12507.0,,,BenchmarkLocalExactRangeLocatorBuildFast,,159.8,,,,1068268.0,,,,,,,256.0,128.0,,lerloc,3560473.0,,,5,,,
,,,60167.0,,,BenchmarkLocalExactRangeLocatorBuildFast,,150.2,,,,4323760.0,,,,,,,1024.0,128.0,,lerloc,15697014.0,,,5,,,
,,,553098.0,,,BenchmarkLocalExactRangeLocatorBuildFast,,143.1,,,,32685682.0,,,,,,,8192.0,128.0,,lerloc,127040489.0,,,5,,,
,,,2524209.0,,,BenchmarkLocalExactRangeLocatorBuildFast,,142.6,,,,134924224.0,,,,,,,32768.0,128.0,,lerloc,618379130.0,,,5,,,
,,,235082380.0,,,BenchmarkLocalExactRangeLocatorBuildFast,,148.8,,,,3425323768.0,,,,,,,262144.0,128.0,,lerloc,27413621191.0,,,5,,,
,,,1551.0,,,BenchmarkLocalExactRangeLocatorBuildFast,,333.8,,,,157776.0,,,,,,,32.0,256.0,,lerloc,443340.0,,,5,,,
,,,13218.0,,,BenchmarkLocalExactRangeLocatorBuildFast,,234.6,,,,1235001.0,,,,,,,256.0,256.0,,lerloc,3316722.0,,,5,,,
,,,61224.0,,,BenchmarkLocalExactRangeLocatorBuildFast,,229.2,,,,5131807.0,,,,,,,1024.0,256.0,,lerloc,15674947.0,,,5,,,
,,,602145.0,,,BenchmarkLocalExactRangeLocatorBuildFast,,216.3,,,,42498932.0,,,,,,,8192.0,256.0,,lerloc,152272760.0,,,5,,,
,,,3094296.0,,,BenchmarkLocalExactRangeLocatorBuildFast,,215.6,,,,178162720.0,,,,,,,32768.0,256.0,,lerloc,747575344.0,,,5,,,
,,,196858720.0,,,BenchmarkLocalExactRangeLocatorBuildFast,,225.7,,,,3387636320.0,,,,,,,262144.0,256.0,,lerloc,22558464880.0,,,5,,,
,,,1590.0,,,BenchmarkLocalExactRangeLocatorBuildFast,,361.8,,,,162560.0,,,,,,,32.0,512.0,,lerloc,386155.0,,,5,,,
,,,13307.0,,,BenchmarkLocalExactRangeLocatorBuildFast,,257.1,,,,1278352.0,,,,,,,256.0,512.0,,lerloc,3376200.0,,,5,,,
,,,62369.0,,,BenchmarkLocalExactRangeLocatorBuildFast,,251.5,,,,5332293.0,,,,,,,1024.0,512.0,,lerloc,15528989.0,,,5,,,
,,,579173.0,,,BenchmarkLocalExactRangeLocatorBuildFast,,239.0,,,,44201744.0,,,,,,,8192.0,512.0,,lerloc,151541026.0,,,5,,,
,,,3042016.0,,,BenchmarkLocalExactRangeLocatorBuildFast,,237.9,,,,187506160.0,,,,,,,32768.0,512.0,,lerloc,788549570.0,,,5,,,
,,,204554423.0,,,BenchmarkLocalExactRangeLocatorBuildFast,,248.4,,,,3739506408.0,,,,,,,262144.0,512.0,,lerloc,28536293469.0,,,5,,,
,,,1518.0,,,BenchmarkLocalExactRangeLocatorBuildFast,,380.2,,,,168776.0,,,,,,,32.0,1024.0,,lerloc,634736.0,,,5,,,
,,,13269.0,,,BenchmarkLocalExactRangeLocatorBuildFast,,285.7,,,,1354646.0,,,,,,,256.0,1024.0,,lerloc,4433729.0,,,5,,,
,,,62727.0,,,BenchmarkLocalExactRangeLocatorBuildFast,,279.4,,,,5716864.0,,,,,,,1024.0,1024.0,,lerloc,22318650.0,,,5,,,
,,,579889.0,,,BenchmarkLocalExactRangeLocatorBuildFast,,264.4,,,,48674854.0,,,,,,,8192.0,1024.0,,lerloc,215798964.0,,,5,,,
,,,5947594.0,,,BenchmarkLocalExactRangeLocatorBuildFast,,264.0,,,,252359768.0,,,,,,,32768.0,1024.0,,lerloc,1441542136.0,,,5,,,
,,,172044942.0,,,BenchmarkLocalExactRangeLocatorBuildFast,,274.0,,,,3921167304.0,,,,,,,262144.0,1024.0,,lerloc,29581343722.0,,,5,,,
,,,1517.0,,,BenchmarkLocalExactRangeLocatorBuildFast,,512.0,,,,235984.0,,,,,,,32.0,4096.0,,lerloc,575428.0,,,5,,,
,,,13624.0,,,BenchmarkLocalExactRangeLocatorBuildFast,,347.4,,,,1935968.0,,,,,,,256.0,4096.0,,lerloc,5233666.0,,,5,,,
,,,62613.0,,,BenchmarkLocalExactRangeLocatorBuildFast,,351.7,,,,7828484.0,,,,,,,1024.0,4096.0,,lerloc,21800649.0,,,5,,,
,,,699676.0,,,BenchmarkLocalExactRangeLocatorBuildFast,,340.5,,,,74075034.0,,,,,,,8192.0,4096.0,,lerloc,306658639.0,,,5,,,
,,,3743697.0,,,BenchmarkLocalExactRangeLocatorBuildFast,,339.4,,,,343189768.0,,,,,,,32768.0,4096.0,,lerloc,1411100262.0,,,5,,,
,,,142579018.0,,,BenchmarkLocalExactRangeLocatorBuildFast,,350.2,,,,6302564768.0,,,,,,,262144.0,4096.0,,lerloc,33544788817.0,,,5,,,
,,,1528.0,,,BenchmarkLocalExactRangeLocatorBuildCompact,,226.8,,,,132360.0,,,,,,,32.0,64.0,,lerloc,435145.0,,,5,,,
,,,12586.0,,,BenchmarkLocalExactRangeLocatorBuildCompact,,114.8,,,,1012168.0,,,,,,,256.0,64.0,,lerloc,3405360.0,,,5,,,
,,,58588.0,,,BenchmarkLocalExactRangeLocatorBuildCompact,,104.7,,,,4057472.0,,,,,,,1024.0,64.0,,lerloc,17551918.0,,,5,,,
,,,500293.0,,,BenchmarkLocalExactRangeLocatorBuildCompact,,102.2,,,,32636090.0,,,,,,,8192.0,64.0,,lerloc,146628124.0,,,5,,,
,,,2010825.0,,,BenchmarkLocalExactRangeLocatorBuildCompact,,101.4,,,,131632792.0,,,,,,,32768.0,64.0,,lerloc,674731399.0,,,5,,,
,,,17545073.0,,,BenchmarkLocalExactRangeLocatorBuildCompact,,103.5,,,,1091783632.0,,,,,,,262144.0,64.0,,lerloc,6522069527.0,,,5,,,
,,,1518.0,,,BenchmarkLocalExactRangeLocatorBuildCompact,,226.2,,,,167592.0,,,,,,,32.0,128.0,,lerloc,585372.0,,,5,,,
,,,12527.0,,,BenchmarkLocalExactRangeLocatorBuildCompact,,120.2,,,,1147057.0,,,,,,,256.0,128.0,,lerloc,3604911.0,,,5,,,
,,,60053.0,,,BenchmarkLocalExactRangeLocatorBuildCompact,,109.4,,,,4639323.0,,,,,,,1024.0,128.0,,lerloc,17778488.0,,,5,,,
,,,515880.0,,,BenchmarkLocalExactRangeLocatorBuildCompact,,105.3,,,,34216252.0,,,,,,,8192.0,128.0,,lerloc,149416794.0,,,5,,,
,,,4417120.0,,,BenchmarkLocalExactRangeLocatorBuildCompact,,107.0,,,,158843968.0,,,,,,,32768.0,128.0,,lerloc,1242492700.0,,,5,,,
,,,208490949.0,,,BenchmarkLocalExactRangeLocatorBuildCompact,,109.6,,,,3282318464.0,,,,,,,262144.0,128.0,,lerloc,31466737682.0,,,5,,,
,,,1564.0,,,BenchmarkLocalExactRangeLocatorBuildCompact,,235.2,,,,173120.0,,,,,,,32.0,256.0,,lerloc,529949.0,,,5,,,
,,,13238.0,,,BenchmarkLocalExactRangeLocatorBuildCompact,,125.6,,,,1331336.0,,,,,,,256.0,256.0,,lerloc,3895430.0,,,5,,,
,,,61255.0,,,BenchmarkLocalExactRangeLocatorBuildCompact,,116.4,,,,5523000.0,,,,,,,1024.0,256.0,,lerloc,16616328.0,,,5,,,
,,,547191.0,,,BenchmarkLocalExactRangeLocatorBuildCompact,,113.6,,,,45015524.0,,,,,,,8192.0,256.0,,lerloc,167948230.0,,,5,,,
,,,2998982.0,,,BenchmarkLocalExactRangeLocatorBuildCompact,,113.0,,,,188914932.0,,,,,,,32768.0,256.0,,lerloc,977899430.0,,,5,,,
,,,192938284.0,,,BenchmarkLocalExactRangeLocatorBuildCompact,,115.5,,,,3449736768.0,,,,,,,262144.0,256.0,,lerloc,25552332511.0,,,5,,,
,,,1603.0,,,BenchmarkLocalExactRangeLocatorBuildCompact,,249.2,,,,178392.0,,,,,,,32.0,512.0,,lerloc,342454.0,,,5,,,
,,,13330.0,,,BenchmarkLocalExactRangeLocatorBuildCompact,,131.5,,,,1377632.0,,,,,,,256.0,512.0,,lerloc,2787294.0,,,5,,,
,,,62552.0,,,BenchmarkLocalExactRangeLocatorBuildCompact,,123.6,,,,5732906.0,,,,,,,1024.0,512.0,,lerloc,13089190.0,,,5,,,
,,,628803.0,,,BenchmarkLocalExactRangeLocatorBuildCompact,,121.0,,,,47750549.0,,,,,,,8192.0,512.0,,lerloc,129062092.0,,,5,,,
,,,4241510.0,,,BenchmarkLocalExactRangeLocatorBuildCompact,,120.0,,,,213629604.0,,,,,,,32768.0,512.0,,lerloc,764253040.0,,,5,,,
,,,172907458.0,,,BenchmarkLocalExactRangeLocatorBuildCompact,,122.7,,,,3528362616.0,,,,,,,262144.0,512.0,,lerloc,18669874784.0,,,5,,,
,,,1530.0,,,BenchmarkLocalExactRangeLocatorBuildCompact,,250.0,,,,184704.0,,,,,,,32.0,1024.0,,lerloc,362118.0,,,5,,,
,,,13288.0,,,BenchmarkLocalExactRangeLocatorBuildCompact,,140.3,,,,1458424.0,,,,,,,256.0,1024.0,,lerloc,2878230.0,,,5,,,
,,,63033.0,,,BenchmarkLocalExactRangeLocatorBuildCompact,,136.0,,,,6134276.0,,,,,,,1024.0,1024.0,,lerloc,14787089.0,,,5,,,
,,,576383.0,,,BenchmarkLocalExactRangeLocatorBuildCompact,,130.8,,,,51765358.0,,,,,,,8192.0,1024.0,,lerloc,151691093.0,,,5,,,
,,,3384048.0,,,BenchmarkLocalExactRangeLocatorBuildCompact,,130.5,,,,227038184.0,,,,,,,32768.0,1024.0,,lerloc,775181844.0,,,5,,,
,,,170101035.0,,,BenchmarkLocalExactRangeLocatorBuildCompact,,132.6,,,,3998011040.0,,,,,,,262144.0,1024.0,,lerloc,22019466483.0,,,5,,,
,,,1530.0,,,BenchmarkLocalExactRangeLocatorBuildCompact,,344.5,,,,252663.0,,,,,,,32.0,4096.0,,lerloc,519051.0,,,5,,,
,,,13647.0,,,BenchmarkLocalExactRangeLocatorBuildCompact,,171.8,,,,2047408.0,,,,,,,256.0,4096.0,,lerloc,4304751.0,,,5,,,
,,,62536.0,,,BenchmarkLocalExactRangeLocatorBuildCompact,,176.4,,,,8263011.0,,,,,,,1024.0,4096.0,,lerloc,19388162.0,,,5,,,
,,,703527.0,,,BenchmarkLocalExactRangeLocatorBuildCompact,,173.7,,,,77537640.0,,,,,,,8192.0,4096.0,,lerloc,212457095.0,,,5,,,
,,,5397760.0,,,BenchmarkLocalExactRangeLocatorBuildCompact,,174.7,,,,412506400.0,,,,,,,32768.0,4096.0,,lerloc,1310515508.0,,,5,,,
,,,152260951.0,,,BenchmarkLocalExactRangeLocatorBuildCompact,,177.5,,,,6689093184.0,,,,,,,262144.0,4096.0,,lerloc,26456671131.0,,,5,,,
,,,13.0,,,BenchmarkLocalExactRangeLocatorQueryFast,,,,,,106.0,,,,,,,32.0,64.0,,lerloc,737.3,,,5,,,
,,,16.0,,,BenchmarkLocalExactRangeLocatorQueryFast,,,,,,132.0,,,,,,,256.0,64.0,,lerloc,1356.0,,,5,,,
,,,20.0,,,BenchmarkLocalExactRangeLocatorQueryFast,,,,,,164.0,,,,,,,1024.0,64.0,,lerloc,1761.0,,,5,,,
,,,21.0,,,BenchmarkLocalExactRangeLocatorQueryFast,,,,,,174.0,,,,,,,8192.0,64.0,,lerloc,1760.0,,,5,,,
,,,21.0,,,BenchmarkLocalExactRangeLocatorQueryFast,,,,,,171.0,,,,,,,32768.0,64.0,,lerloc,1824.0,,,5,,,
,,,24.0,,,BenchmarkLocalExactRangeLocatorQueryFast,,,,,,194.0,,,,,,,262144.0,64.0,,lerloc,1981.0,,,5,,,
,,,14.0,,,BenchmarkLocalExactRangeLocatorQueryFast,,,,,,114.0,,,,,,,32.0,128.0,,lerloc,810.8,,,5,,,
,,,17.0,,,BenchmarkLocalExactRangeLocatorQueryFast,,,,,,140.0,,,,,,,256.0,128.0,,lerloc,1291.0,,,5,,,
,,,21.0,,,BenchmarkLocalExactRangeLocatorQueryFast,,,,,,175.0,,,,,,,1024.0,128.0,,lerloc,1763.0,,,5,,,
,,,23.0,,,BenchmarkLocalExactRangeLocatorQueryFast,,,,,,184.0,,,,,,,8192.0,128.0,,lerloc,1949.0,,,5,,,
,,,22.0,,,BenchmarkLocalExactRangeLocatorQueryFast,,,,,,183.0,,,,,,,32768.0,128.0,,lerloc,2063.0,,,5,,,
,,,26.0,,,BenchmarkLocalExactRangeLocatorQueryFast,,,,,,212.0,,,,,,,262144.0,128.0,,lerloc,2281.0,,,5,,,
,,,14.0,,,BenchmarkLocalExactRangeLocatorQueryFast,,,,,,115.0,,,,,,,32.0,256.0,,lerloc,916.1,,,5,,,
,,,17.0,,,BenchmarkLocalExactRangeLocatorQueryFast,,,,,,143.0,,,,,,,256.0,256.0,,lerloc,1570.0,,,5,,,
,,,21.0,,,BenchmarkLocalExactRangeLocatorQueryFast,,,,,,174.0,,,,,,,1024.0,256.0,,lerloc,1928.0,,,5,,,
,,,22.0,,,BenchmarkLocalExactRangeLocatorQueryFast,,,,,,183.0,,,,,,,8192.0,256.0,,lerloc,2011.0,,,5,,,
,,,22.0,,,BenchmarkLocalExactRangeLocatorQueryFast,,,,,,182.0,,,,,,,32768.0,256.0,,lerloc,2269.0,,,5,,,
,,,26.0,,,BenchmarkLocalExactRangeLocatorQueryFast,,,,,,212.0,,,,,,,262144.0,256.0,,lerloc,2997.0,,,5,,,
,,,14.0,,,BenchmarkLocalExactRangeLocatorQueryFast,,,,,,114.0,,,,,,,32.0,512.0,,lerloc,1142.0,,,5,,,
,,,18.0,,,BenchmarkLocalExactRangeLocatorQueryFast,,,,,,145.0,,,,,,,256.0,512.0,,lerloc,1596.0,,,5,,,
,,,21.0,,,BenchmarkLocalExactRangeLocatorQueryFast,,,,,,174.0,,,,,,,1024.0,512.0,,lerloc,2083.0,,,5,,,
,,,22.0,,,BenchmarkLocalExactRangeLocatorQueryFast,,,,,,182.0,,,,,,,8192.0,512.0,,lerloc,2235.0,,,5,,,
,,,22.0,,,BenchmarkLocalExactRangeLocatorQueryFast,,,,,,182.0,,,,,,,32768.0,512.0,,lerloc,2488.0,,,5,,,
,,,26.0,,,BenchmarkLocalExactRangeLocatorQueryFast,,,,,,212.0,,,,,,,262144.0,512.0,,lerloc,3130.0,,,5,,,
,,,14.0,,,BenchmarkLocalExactRangeLocatorQueryFast,,,,,,113.0,,,,,,,32.0,1024.0,,lerloc,1164.0,,,5,,,
,,,18.0,,,BenchmarkLocalExactRangeLocatorQueryFast,,,,,,145.0,,,,,,,256.0,1024.0,,lerloc,1798.0,,,5,,,
,,,21.0,,,BenchmarkLocalExactRangeLocatorQueryFast,,,,,,174.0,,,,,,,1024.0,1024.0,,lerloc,2048.0,,,5,,,
,,,22.0,,,BenchmarkLocalExactRangeLocatorQueryFast,,,,,,182.0,,,,,,,8192.0,1024.0,,lerloc,2322.0,,,5,,,
,,,22.0,,,BenchmarkLocalExactRangeLocatorQueryFast,,,,,,182.0,,,,,,,32768.0,1024.0,,lerloc,2630.0,,,5,,,
,,,26.0,,,BenchmarkLocalExactRangeLocatorQueryFast,,,,,,212.0,,,,,,,262144.0,1024.0,,lerloc,3284.0,,,5,,,
,,,14.0,,,BenchmarkLocalExactRangeLocatorQueryFast,,,,,,113.0,,,,,,,32.0,4096.0,,lerloc,1136.0,,,5,,,
,,,17.0,,,BenchmarkLocalExactRangeLocatorQueryFast,,,,,,143.0,,,,,,,256.0,4096.0,,lerloc,1766.0,,,5,,,
,,,21.0,,,BenchmarkLocalExactRangeLocatorQueryFast,,,,,,171.0,,,,,,,1024.0,4096.0,,lerloc,1991.0,,,5,,,
,,,22.0,,,BenchmarkLocalExactRangeLocatorQueryFast,,,,,,182.0,,,,,,,8192.0,4096.0,,lerloc,2308.0,,,5,,,
,,,22.0,,,BenchmarkLocalExactRangeLocatorQueryFast,,,,,,182.0,,,,,,,32768.0,4096.0,,lerloc,2807.0,,,5,,,
,,,26.0,,,BenchmarkLocalExactRangeLocatorQueryFast,,,,,,212.0,,,,,,,262144.0,4096.0,,lerloc,3492.0,,,5,,,
,,,13.0,,,BenchmarkLocalExactRangeLocatorQueryCompact,,,,,,107.0,,,,,,,32.0,64.0,,lerloc,1274.0,,,5,,,
,,,16.0,,,BenchmarkLocalExactRangeLocatorQueryCompact,,,,,,132.0,,,,,,,256.0,64.0,,lerloc,1801.0,,,5,,,
,,,20.0,,,BenchmarkLocalExactRangeLocatorQueryCompact,,,,,,164.0,,,,,,,1024.0,64.0,,lerloc,2328.0,,,5,,,
,,,21.0,,,BenchmarkLocalExactRangeLocatorQueryCompact,,,,,,174.0,,,,,,,8192.0,64.0,,lerloc,2351.0,,,5,,,
,,,21.0,,,BenchmarkLocalExactRangeLocatorQueryCompact,,,,,,171.0,,,,,,,32768.0,64.0,,lerloc,2337.0,,,5,,,
,,,24.0,,,BenchmarkLocalExactRangeLocatorQueryCompact,,,,,,194.0,,,,,,,262144.0,64.0,,lerloc,2415.0,,,5,,,
,,,14.0,,,BenchmarkLocalExactRangeLocatorQueryCompact,,,,,,114.0,,,,,,,32.0,128.0,,lerloc,1204.0,,,5,,,
,,,17.0,,,BenchmarkLocalExactRangeLocatorQueryCompact,,,,,,140.0,,,,,,,256.0,128.0,,lerloc,1865.0,,,5,,,
,,,21.0,,,BenchmarkLocalExactRangeLocatorQueryCompact,,,,,,175.0,,,,,,,1024.0,128.0,,lerloc,2523.0,,,5,,,
,,,23.0,,,BenchmarkLocalExactRangeLocatorQueryCompact,,,,,,184.0,,,,,,,8192.0,128.0,,lerloc,2501.0,,,5,,,
,,,22.0,,,BenchmarkLocalExactRangeLocatorQueryCompact,,,,,,183.0,,,,,,,32768.0,128.0,,lerloc,2791.0,,,5,,,
,,,26.0,,,BenchmarkLocalExactRangeLocatorQueryCompact,,,,,,212.0,,,,,,,262144.0,128.0,,lerloc,2979.0,,,5,,,
,,,14.0,,,BenchmarkLocalExactRangeLocatorQueryCompact,,,,,,115.0,,,,,,,32.0,256.0,,lerloc,1577.0,,,5,,,
,,,17.0,,,BenchmarkLocalExactRangeLocatorQueryCompact,,,,,,143.0,,,,,,,256.0,256.0,,lerloc,2282.0,,,5,,,
,,,21.0,,,BenchmarkLocalExactRangeLocatorQueryCompact,,,,,,174.0,,,,,,,1024.0,256.0,,lerloc,2735.0,,,5,,,
,,,22.0,,,BenchmarkLocalExactRangeLocatorQueryCompact,,,,,,183.0,,,,,,,8192.0,256.0,,lerloc,3169.0,,,5,,,
,,,22.0,,,BenchmarkLocalExactRangeLocatorQueryCompact,,,,,,182.0,,,,,,,32768.0,256.0,,lerloc,3004.0,,,5,,,
,,,26.0,,,BenchmarkLocalExactRangeLocatorQueryCompact,,,,,,212.0,,,,,,,262144.0,256.0,,lerloc,3854.0,,,5,,,
,,,14.0,,,BenchmarkLocalExactRangeLocatorQueryCompact,,,,,,114.0,,,,,,,32.0,512.0,,lerloc,1984.0,,,5,,,
,,,18.0,,,BenchmarkLocalExactRangeLocatorQueryCompact,,,,,,145.0,,,,,,,256.0,512.0,,lerloc,2507.0,,,5,,,
,,,21.0,,,BenchmarkLocalExactRangeLocatorQueryCompact,,,,,,174.0,,,,,,,1024.0,512.0,,lerloc,3413.0,,,5,,,
,,,22.0,,,BenchmarkLocalExactRangeLocatorQueryCompact,,,,,,182.0,,,,,,,8192.0,512.0,,lerloc,3370.0,,,5,,,
,,,22.0,,,BenchmarkLocalExactRangeLocatorQueryCompact,,,,,,182.0,,,,,,,32768.0,512.0,,lerloc,3830.0,,,5,,,
,,,26.0,,,BenchmarkLocalExactRangeLocatorQueryCompact,,,,,,212.0,,,,,,,262144.0,512.0,,lerloc,4119.0,,,5,,,
,,,14.0,,,BenchmarkLocalExactRangeLocatorQueryCompact,,,,,,113.0,,,,,,,32.0,1024.0,,lerloc,2236.0,,,5,,,
,,,18.0,,,BenchmarkLocalExactRangeLocatorQueryCompact,,,,,,145.0,,,,,,,256.0,1024.0,,lerloc,3368.0,,,5,,,
,,,21.0,,,BenchmarkLocalExactRangeLocatorQueryCompact,,,,,,174.0,,,,,,,1024.0,1024.0,,lerloc,3880.0,,,5,,,
,,,22.0,,,BenchmarkLocalExactRangeLocatorQueryCompact,,,,,,182.0,,,,,,,8192.0,1024.0,,lerloc,3808.0,,,5,,,
,,,22.0,,,BenchmarkLocalExactRangeLocatorQueryCompact,,,,,,182.0,,,,,,,32768.0,1024.0,,lerloc,4256.0,,,5,,,
,,,26.0,,,BenchmarkLocalExactRangeLocatorQueryCompact,,,,,,212.0,,,,,,,262144.0,1024.0,,lerloc,5019.0,,,5,,,
,,,14.0,,,BenchmarkLocalExactRangeLocatorQueryCompact,,,,,,113.0,,,,,,,32.0,4096.0,,lerloc,2976.0,,,5,,,
,,,17.0,,,BenchmarkLocalExactRangeLocatorQueryCompact,,,,,,143.0,,,,,,,256.0,4096.0,,lerloc,4104.0,,,5,,,
,,,21.0,,,BenchmarkLocalExactRangeLocatorQueryCompact,,,,,,171.0,,,,,,,1024.0,4096.0,,lerloc,4998.0,,,5,,,
,,,22.0,,,BenchmarkLocalExactRangeLocatorQueryCompact,,,,,,182.0,,,,,,,8192.0,4096.0,,lerloc,5161.0,,,5,,,
,,,22.0,,,BenchmarkLocalExactRangeLocatorQueryCompact,,,,,,182.0,,,,,,,32768.0,4096.0,,lerloc,5596.0,,,5,,,
,,,26.0,,,BenchmarkLocalExactRangeLocatorQueryCompact,,,,,,212.0,,,,,,,262144.0,4096.0,,lerloc,5250.0,,,5,,,
,,,3043.0,,,BenchmarkMemoryComparison,,,,,,255352.0,226.8,,,,245.0,1.08,32.0,64.0,,lerloc,492870.0,,,5,,,
,,,25152.0,,,BenchmarkMemoryComparison,,,,,,1963200.0,114.8,,,,147.7,1.287,256.0,64.0,,lerloc,3824067.0,,,5,,,
,,,117148.0,,,BenchmarkMemoryComparison,,,,,,7887088.0,104.7,,,,138.4,1.322,1024.0,64.0,,lerloc,16882512.0,,,5,,,
,,,1000541.0,,,BenchmarkMemoryComparison,,,,,,63521220.0,102.2,,,,131.1,1.283,8192.0,64.0,,lerloc,146955974.0,,,5,,,
,,,4021590.0,,,BenchmarkMemoryComparison,,,,,,256243520.0,101.4,,,,130.2,1.285,32768.0,64.0,,lerloc,649637259.0,,,5,,,
,,,35090057.0,,,BenchmarkMemoryComparison,,,,,,2125721056.0,103.5,,,,135.7,1.311,262144.0,64.0,,lerloc,6920424261.0,,,5,,,
,,,3023.0,,,BenchmarkMemoryComparison,,,,,,319928.0,226.2,,,,252.2,1.115,32.0,128.0,,lerloc,522983.0,,,5,,,
,,,25035.0,,,BenchmarkMemoryComparison,,,,,,2214446.0,120.2,,,,159.8,1.329,256.0,128.0,,lerloc,3824345.0,,,5,,,
,,,120396.0,,,BenchmarkMemoryComparison,,,,,,8950946.0,109.4,,,,150.2,1.373,1024.0,128.0,,lerloc,19893827.0,,,5,,,
,,,1104121.0,,,BenchmarkMemoryComparison,,,,,,67266264.0,105.3,,,,143.1,1.359,8192.0,128.0,,lerloc,158375361.0,,,5,,,
,,,6704717.0,,,BenchmarkMemoryComparison,,,,,,290998072.0,107.0,,,,142.6,1.333,32768.0,128.0,,lerloc,917181436.0,,,5,,,
,,,345283680.0,,,BenchmarkMemoryComparison,,,,,,5645025144.0,109.1,,,,148.8,1.364,262144.0,128.0,,lerloc,27575186876.0,,,5,,,
,,,3115.0,,,BenchmarkMemoryComparison,,,,,,330896.0,235.2,,,,333.8,1.419,32.0,256.0,,lerloc,633724.0,,,5,,,
,,,26456.0,,,BenchmarkMemoryComparison,,,,,,2566336.0,125.6,,,,234.6,1.868,256.0,256.0,,lerloc,4474129.0,,,5,,,
,,,122479.0,,,BenchmarkMemoryComparison,,,,,,10654801.0,116.4,,,,229.2,1.968,1024.0,256.0,,lerloc,21119588.0,,,5,,,
,,,1138350.0,,,BenchmarkMemoryComparison,,,,,,87503433.0,113.6,,,,216.3,1.904,8192.0,256.0,,lerloc,216299325.0,,,5,,,
,,,7418148.0,,,BenchmarkMemoryComparison,,,,,,381561592.0,113.0,,,,215.6,1.907,32768.0,256.0,,lerloc,1247496381.0,,,5,,,
,,,381640630.0,,,BenchmarkMemoryComparison,,,,,,6766429808.0,115.5,,,,225.7,1.955,262144.0,256.0,,lerloc,36769013487.0,,,5,,,
,,,3193.0,,,BenchmarkMemoryComparison,,,,,,340952.0,249.2,,,,361.8,1.451,32.0,512.0,,lerloc,586493.0,,,5,,,
,,,26637.0,,,BenchmarkMemoryComparison,,,,,,2655984.0,131.5,,,,257.1,1.955,256.0,512.0,,lerloc,4682392.0,,,5,,,
,,,125235.0,,,BenchmarkMemoryComparison,,,,,,11067955.0,123.6,,,,251.5,2.035,1024.0,512.0,,lerloc,23882786.0,,,5,,,
,,,1215445.0,,,BenchmarkMemoryComparison,,,,,,92024576.0,121.0,,,,239.0,1.976,8192.0,512.0,,lerloc,206448953.0,,,5,,,
,,,7260310.0,,,BenchmarkMemoryComparison,,,,,,400604208.0,120.0,,,,237.9,1.981,32768.0,512.0,,lerloc,1165304851.0,,,5,,,
,,,383847353.0,,,BenchmarkMemoryComparison,,,,,,7330707632.0,122.7,,,,248.4,2.025,262144.0,512.0,,lerloc,36172032168.0,,,5,,,
,,,3048.0,,,BenchmarkMemoryComparison,,,,,,353479.0,250.0,,,,380.2,1.521,32.0,1024.0,,lerloc,641319.0,,,5,,,
,,,26561.0,,,BenchmarkMemoryComparison,,,,,,2813109.0,140.3,,,,285.7,2.037,256.0,1024.0,,lerloc,5465192.0,,,5,,,
,,,126487.0,,,BenchmarkMemoryComparison,,,,,,11859425.0,136.0,,,,279.4,2.055,1024.0,1024.0,,lerloc,25722796.0,,,5,,,
,,,1169423.0,,,BenchmarkMemoryComparison,,,,,,100623392.0,130.8,,,,264.4,2.021,8192.0,1024.0,,lerloc,240008063.0,,,5,,,
,,,8102175.0,,,BenchmarkMemoryComparison,,,,,,462046064.0,130.5,,,,264.0,2.023,32768.0,1024.0,,lerloc,1237842371.0,,,5,,,
,,,338722078.0,,,BenchmarkMemoryComparison,,,,,,7873441520.0,132.6,,,,274.0,2.066,262144.0,1024.0,,lerloc,35761403275.0,,,5,,,
,,,3048.0,,,BenchmarkMemoryComparison,,,,,,488648.0,344.5,,,,512.0,1.486,32.0,4096.0,,lerloc,871165.0,,,5,,,
,,,27271.0,,,BenchmarkMemoryComparison,,,,,,3983376.0,171.8,,,,347.4,2.023,256.0,4096.0,,lerloc,7186514.0,,,5,,,
,,,125019.0,,,BenchmarkMemoryComparison,,,,,,16089412.0,176.4,,,,351.7,1.994,1024.0,4096.0,,lerloc,31086789.0,,,5,,,
,,,1305553.0,,,BenchmarkMemoryComparison,,,,,,148599752.0,173.7,,,,340.5,1.96,8192.0,4096.0,,lerloc,340695896.0,,,5,,,
,,,7911913.0,,,BenchmarkMemoryComparison,,,,,,714121160.0,174.7,,,,339.4,1.943,32768.0,4096.0,,lerloc,1697605557.0,,,5,,,
,,,285736737.0,,,BenchmarkMemoryComparison,,,,,,12725823776.0,177.5,,,,350.2,1.973,262144.0,4096.0,,lerloc,42074182131.0,,,5,,,
,,,1521.5,,,BenchmarkMemoryDetailed,,,,,,127679.5,,,,,,,32.0,,,lerloc,211753.5,,,10,,,
,,,12576.0,,,BenchmarkMemoryDetailed,,,,,,981649.5,,,,,,,256.0,,,lerloc,1846999.5,,,10,,,
,,,58574.0,,,BenchmarkMemoryDetailed,,,,,,3944092.5,,,,,,,1024.0,,,lerloc,8235379.5,,,10,,,
,,,500289.0,,,BenchmarkMemoryDetailed,,,,,,31780130.5,,,,,,,8192.0,,,lerloc,72024036.5,,,10,,,
,,,2011159.0,,,BenchmarkMemoryDetailed,,,,,,128492725.0,,,,,,,32768.0,,,lerloc,320868741.0,,,10,,,
,,,17558091.0,,,BenchmarkMemoryDetailed,,,,,,1073813288.0,,,,,,,262144.0,,,lerloc,3140059826.5,,,10,,,
,,,224.0,,1.0,BenchmarkMonotoneHashWithTrieBuild,40.25,,,,161.0,9144.0,,,,,,,32.0,,1.0,mmph,36208.0,,,5,,,
,,,1579.0,,1.0,BenchmarkMonotoneHashWithTrieBuild,15.28,,,,489.0,24136.0,,,,,,,256.0,,1.0,mmph,148908.0,,,5,,,
,,,6944.0,,1.0,BenchmarkMonotoneHashWithTrieBuild,14.34,,,,1836.0,82802.0,,,,,,,1024.0,,1.0,mmph,767360.0,,,5,,,
,,,70847.0,,1.0,BenchmarkMonotoneHashWithTrieBuild,14.5,,,,14848.0,764060.0,,,,,,,8192.0,,1.0,mmph,9627805.0,,,5,,,
,,,319674.0,,1.0,BenchmarkMonotoneHashWithTrieBuild,14.37,,,,58840.0,3335745.0,,,,,,,32768.0,,1.0,mmph,37452699.0,,,5,,,
,,,2668087.0,,1.0,BenchmarkMonotoneHashWithTrieBuild,14.3,,,,468696.0,27614524.0,,,,,,,262144.0,,1.0,mmph,299708339.0,,,5,,,
,,,11476009.0,,1.0,BenchmarkMonotoneHashWithTrieBuild,14.29,,,,1873112.0,116936272.0,,,,,,,1048576.0,,1.0,mmph,1269498249.0,,,5,,,
,,,93009424.0,,1.0,BenchmarkMonotoneHashWithTrieBuild,14.3,,,,14991000.0,948057800.0,,,,,,,8388608.0,,1.0,mmph,9832319786.0,,,5,,,
,,,5.0,,,BenchmarkMonotoneHashWithTrieLookup,,,,,,46.0,,,,,,,32.0,,,mmph,498.2,,,5,,,
,,,5.0,,,BenchmarkMonotoneHashWithTrieLookup,,,,,,47.0,,,,,,,256.0,,,mmph,512.5,,,5,,,
,,,6.0,,,BenchmarkMonotoneHashWithTrieLookup,,,,,,52.0,,,,,,,1024.0,,,mmph,544.7,,,5,,,
,,,8.0,,,BenchmarkMonotoneHashWithTrieLookup,,,,,,67.0,,,,,,,8192.0,,,mmph,1166.0,,,5,,,
,,,9.0,,,BenchmarkMonotoneHashWithTrieLookup,,,,,,76.0,,,,,,,32768.0,,,mmph,1038.0,,,5,,,
,,,10.0,,,BenchmarkMonotoneHashWithTrieLookup,,,,,,80.0,,,,,,,262144.0,,,mmph,1019.0,,,5,,,
,,,10.0,,,BenchmarkMonotoneHashWithTrieLookup,,,,,,86.0,,,,,,,1048576.0,,,mmph,1122.0,,,5,,,
,,,10.0,,,BenchmarkMonotoneHashWithTrieLookup,,,,,,87.0,,,,,,,8388608.0,,,mmph,1335.0,,,5,,,
,,,5.0,,,BenchmarkMonotoneHashWithTrieLookupMiss,,,,,,47.0,,,,,,,32.0,,,mmph,516.6,,,5,,,
,,,6.0,,,BenchmarkMonotoneHashWithTrieLookupMiss,,,,,,48.0,,,,,,,256.0,,,mmph,535.1,,,5,,,
,,,6.0,,,BenchmarkMonotoneHashWithTrieLookupMiss,,,,,,53.0,,,,,,,1024.0,,,mmph,658.1,,,5,,,
,,,8.0,,,BenchmarkMonotoneHashWithTrieLookupMiss,,,,,,67.0,,,,,,,8192.0,,,mmph,1306.0,,,5,,,
,,,9.0,,,BenchmarkMonotoneHashWithTrieLookupMiss,,,,,,76.0,,,,,,,32768.0,,,mmph,1276.0,,,5,,,
,,,10.0,,,BenchmarkMonotoneHashWithTrieLookupMiss,,,,,,80.0,,,,,,,262144.0,,,mmph,1530.0,,,5,,,
,,,10.0,,,BenchmarkMonotoneHashWithTrieLookupMiss,,,,,,86.0,,,,,,,1048576.0,,,mmph,1385.0,,,5,,,
,,,10.0,,,BenchmarkMonotoneHashWithTrieLookupMiss,,,,,,87.0,,,,,,,8388608.0,,,mmph,1266.0,,,5,,,
,,,6944.0,1.0,,BenchmarkTrieRebuilds,,,,,,82800.0,,,,0.0,,,1024.0,,,mmph,623345.0,,,5,2372.0,,
,,,70847.0,1.0,,BenchmarkTrieRebuilds,,,,,,764040.0,,,,0.0,,,8192.0,,,mmph,9059805.0,,,5,129.0,,
,,,319674.0,1.0,,BenchmarkTrieRebuilds,,,,,,3335656.0,,,,0.0,,,32768.0,,,mmph,38491026.0,,,5,34.0,,
,,,224.0,,,BenchmarkMonotoneHashWithTrieMemory,,40.25,64.0,256.0,,9144.0,,9.0,80.0,,,,32.0,,,mmph,43456.0,1.0,,5,,161.0,49.69
,,,1579.0,,,BenchmarkMonotoneHashWithTrieMemory,,15.28,392.0,256.0,,24136.0,,9.0,80.0,,,,256.0,,,mmph,176528.0,1.0,,5,,489.0,16.36
,,,6944.0,,,BenchmarkMonotoneHashWithTrieMemory,,14.34,1616.0,256.0,,82800.0,,36.0,176.0,,,,1024.0,,,mmph,748155.0,4.0,,5,,1836.0,9.586
,,,70847.0,,,BenchmarkMonotoneHashWithTrieMemory,,14.5,13264.0,256.0,,764040.0,,288.0,1288.0,,,,8192.0,,,mmph,11552733.0,32.0,,5,,14848.0,8.675
,,,319674.0,,,BenchmarkMonotoneHashWithTrieMemory,,14.37,53216.0,256.0,,3335656.0,,1152.0,4464.0,,,,32768.0,,,mmph,50314833.0,128.0,,5,,58840.0,7.587
,,,2668087.0,,,BenchmarkMonotoneHashWithTrieMemory,,14.3,425520.0,256.0,,27614426.0,,9216.0,33952.0,,,,262144.0,,,mmph,364238082.0,1024.0,,5,,468696.0,7.244
,,,11476009.0,,,BenchmarkMonotoneHashWithTrieMemory,,14.29,1701152.0,256.0,,116936192.0,,36864.0,135088.0,,,,1048576.0,,,mmph,1715045260.0,4096.0,,5,,1873112.0,7.212
,,,93009422.0,,,BenchmarkMonotoneHashWithTrieMemory,,14.3,13617136.0,256.0,,948057688.0,,294912.0,1078944.0,,,,8388608.0,,,mmph,14601140138.0,32768.0,,5,,14991000.0,7.197
,,,224.0,,,BenchmarkMemoryDetailed,,,,,,9144.0,,,,,,,32.0,,,mmph,52455.0,,,5,,,
,,,1579.0,,,BenchmarkMemoryDetailed,,,,,,24138.0,,,,,,,256.0,,,mmph,186644.0,,,5,,,
,,,6944.0,,,BenchmarkMemoryDetailed,,,,,,82813.0,,,,,,,1024.0,,,mmph,885811.0,,,5,,,
,,,70848.0,,,BenchmarkMemoryDetailed,,,,,,764964.0,,,,,,,8192.0,,,mmph,14845420.0,,,5,,,
,,,319684.0,,,BenchmarkMemoryDetailed,,,,,,3347288.0,,,,,,,32768.0,,,mmph,45468312.0,,,5,,,
,,,2669044.0,,,BenchmarkMemoryDetailed,,,,,,28593370.0,,,,,,,262144.0,,,mmph,408872332.0,,,5,,,
,,,11488104.0,,,BenchmarkMemoryDetailed,,,,,,127024672.0,,,,,,,1048576.0,,,mmph,1838474624.0,,,5,,,
,,,93107548.0,,,BenchmarkMemoryDetailed,,,,,,1031718720.0,,,,,,,8388608.0,,,mmph,14746244535.0,,,5,,,
,,,7.0,,,BenchmarkBucketLookupScaling,,,,,,56.0,,,,,,,1000.0,,,mmph,530.4,,,5,,,
,,,8.0,,,BenchmarkBucketLookupScaling,,,,,,64.0,,,,,,,5000.0,,,mmph,836.6,,,5,,,
,,,9.0,,,BenchmarkBucketLookupScaling,,,,,,72.0,,,,,,,10000.0,,,mmph,1093.0,,,5,,,
