E_bits,I_bits,S_bits,allocs_per_op,avg_attempts_per_success,avg_trie_attempts,benchmark,bits_key,bits_key_in_mem,bits_per_key,bucket_overhead_bytes,bucket_size,bytes_in_mem,bytes_per_op,compact_bits_key,delimiter_storage_bytes,exact_trie_bytes,failed_builds,fast_bits_key,fast_vs_compact_ratio,full_name,keys,keysize,l,max_trie_attempts,n,ns_per_op,num_buckets,samples_count,successful_builds,total_bytes,trie_percent_of_total
,,,13782.0,,,BenchmarkHZFTBuild_Heavy,,,,,,,2116305.0,,,,,,,BenchmarkHZFTBuild_Heavy/KeySize=64/Keys=1024-20,1024.0,64.0,,,,4305313.0,,260,,,
,,,105852.0,,,BenchmarkHZFTBuild_Heavy,,,,,,,16972046.0,,,,,,,BenchmarkHZFTBuild_Heavy/KeySize=64/Keys=8192-20,8192.0,64.0,,,,37977374.0,,34,,,
,,,422468.0,,,BenchmarkHZFTBuild_Heavy,,,,,,,68875205.0,,,,,,,BenchmarkHZFTBuild_Heavy/KeySize=64/Keys=32768-20,32768.0,64.0,,,,168011956.0,,6,,,
,,,13808.0,,,BenchmarkHZFTBuild_Heavy,,,,,,,2556041.0,,,,,,,BenchmarkHZFTBuild_Heavy/KeySize=128/Keys=1024-20,1024.0,128.0,,,,4445928.0,,252,,,
,,,105924.0,,,BenchmarkHZFTBuild_Heavy,,,,,,,18093673.0,,,,,,,BenchmarkHZFTBuild_Heavy/KeySize=128/Keys=8192-20,8192.0,128.0,,,,43502895.0,,42,,,
,,,422088.0,,,BenchmarkHZFTBuild_Heavy,,,,,,,73299912.0,,,,,,,BenchmarkHZFTBuild_Heavy/KeySize=128/Keys=32768-20,32768.0,128.0,,,,189744017.0,,7,,,
,,,13855.0,,,BenchmarkHZFTBuild_Heavy,,,,,,,3256996.0,,,,,,,BenchmarkHZFTBuild_Heavy/KeySize=256/Keys=1024-20,1024.0,256.0,,,,6016740.0,,205,,,
,,,106035.0,,,BenchmarkHZFTBuild_Heavy,,,,,,,26447981.0,,,,,,,BenchmarkHZFTBuild_Heavy/KeySize=256/Keys=8192-20,8192.0,256.0,,,,48055001.0,,22,,,
,,,423221.0,,,BenchmarkHZFTBuild_Heavy,,,,,,,106509389.0,,,,,,,BenchmarkHZFTBuild_Heavy/KeySize=256/Keys=32768-20,32768.0,256.0,,,,201166408.0,,6,,,
,,,5195.0,,,BenchmarkHZFTBuild_Streaming,,,,,,,1477789.0,,,,,,,BenchmarkHZFTBuild_Streaming/KeySize=64/Keys=1024-20,1024.0,64.0,,,,2460129.0,,489,,,
,,,37142.0,,,BenchmarkHZFTBuild_Streaming,,,,,,,11836887.0,,,,,,,BenchmarkHZFTBuild_Streaming/KeySize=64/Keys=8192-20,8192.0,64.0,,,,25225040.0,,68,,,
,,,147650.0,,,BenchmarkHZFTBuild_Streaming,,,,,,,48324124.0,,,,,,,BenchmarkHZFTBuild_Streaming/KeySize=64/Keys=32768-20,32768.0,64.0,,,,126889820.0,,9,,,
,,,5231.0,,,BenchmarkHZFTBuild_Streaming,,,,,,,1931059.0,,,,,,,BenchmarkHZFTBuild_Streaming/KeySize=128/Keys=1024-20,1024.0,128.0,,,,5404025.0,,222,,,
,,,37132.0,,,BenchmarkHZFTBuild_Streaming,,,,,,,12975230.0,,,,,,,BenchmarkHZFTBuild_Streaming/KeySize=128/Keys=8192-20,8192.0,128.0,,,,29209818.0,,38,,,
,,,147307.0,,,BenchmarkHZFTBuild_Streaming,,,,,,,52687227.0,,,,,,,BenchmarkHZFTBuild_Streaming/KeySize=128/Keys=32768-20,32768.0,128.0,,,,135825288.0,,10,,,
,,,5302.0,,,BenchmarkHZFTBuild_Streaming,,,,,,,2618745.0,,,,,,,BenchmarkHZFTBuild_Streaming/KeySize=256/Keys=1024-20,1024.0,256.0,,,,3912046.0,,302,,,
,,,37263.0,,,BenchmarkHZFTBuild_Streaming,,,,,,,21283028.0,,,,,,,BenchmarkHZFTBuild_Streaming/KeySize=256/Keys=8192-20,8192.0,256.0,,,,30190174.0,,36,,,
,,,148354.0,,,BenchmarkHZFTBuild_Streaming,,,,,,,85843185.0,,,,,,,BenchmarkHZFTBuild_Streaming/KeySize=256/Keys=32768-20,32768.0,256.0,,,,156091775.0,,7,,,
,,,5094.0,,,BenchmarkStreamingVsHeavy,,,,,,,1476983.0,,,,,,,BenchmarkStreamingVsHeavy/Heavy-20,,,,,,2286957.0,,552,,,
,,,5094.0,,,BenchmarkStreamingVsHeavy,,,,,,,1476970.0,,,,,,,BenchmarkStreamingVsHeavy/Streaming-20,,,,,,2542284.0,,475,,,
,,,135553.0,,,BenchmarkMemoryAlloc_Heavy-20,,,,,,,5652319.0,,,,,,,BenchmarkMemoryAlloc_Heavy-20,,,,,,11163761.0,,100,,,
,,,135554.0,,,BenchmarkMemoryAlloc_Streaming-20,,,,,,,5681730.0,,,,,,,BenchmarkMemoryAlloc_Streaming-20,,,,,,10846460.0,,94,,,
8.0,8.0,16.0,1262.0,,,BenchmarkRangeLocatorBuild,,,98.0,,,,74616.0,,,,,,,BenchmarkRangeLocatorBuild/KeySize=64/Keys=32-20,32.0,64.0,,,,151750.0,,8114,,392.0,
8.0,8.0,16.0,11179.0,,,BenchmarkRangeLocatorBuild,,,68.28,,,,581448.0,,,,,,,BenchmarkRangeLocatorBuild/KeySize=64/Keys=256-20,256.0,64.0,,,,1312853.0,,882,,2185.0,
8.0,8.0,16.0,53364.0,,,BenchmarkRangeLocatorBuild,,,66.49,,,,2370253.0,,,,,,,BenchmarkRangeLocatorBuild/KeySize=64/Keys=1024-20,1024.0,64.0,,,,7031672.0,,176,,8511.0,
8.0,16.0,16.0,463105.0,,,BenchmarkRangeLocatorBuild,,,66.6,,,,19179778.0,,,,,,,BenchmarkRangeLocatorBuild/KeySize=64/Keys=8192-20,8192.0,64.0,,,,58524893.0,,19,,68198.0,
8.0,16.0,16.0,1863117.0,,,BenchmarkRangeLocatorBuild,,,66.2,,,,76828882.0,,,,,,,BenchmarkRangeLocatorBuild/KeySize=64/Keys=32768-20,32768.0,64.0,,,,262793025.0,,4,,271145.0,
8.0,16.0,16.0,16236393.0,,,BenchmarkRangeLocatorBuild,,,65.93,,,,625442192.0,,,,,,,BenchmarkRangeLocatorBuild/KeySize=64/Keys=262144-20,262144.0,64.0,,,,2608260567.0,,1,,2160302.0,
8.0,8.0,16.0,1251.0,,,BenchmarkRangeLocatorBuild,,,95.5,,,,75224.0,,,,,,,BenchmarkRangeLocatorBuild/KeySize=128/Keys=32-20,32.0,128.0,,,,160306.0,,7046,,382.0,
8.0,8.0,16.0,11133.0,,,BenchmarkRangeLocatorBuild,,,68.62,,,,587312.0,,,,,,,BenchmarkRangeLocatorBuild/KeySize=128/Keys=256-20,256.0,128.0,,,,1268700.0,,1009,,2196.0,
8.0,8.0,16.0,54954.0,,,BenchmarkRangeLocatorBuild,,,66.48,,,,2412859.0,,,,,,,BenchmarkRangeLocatorBuild/KeySize=128/Keys=1024-20,1024.0,128.0,,,,6650020.0,,169,,8509.0,
8.0,16.0,16.0,482311.0,,,BenchmarkRangeLocatorBuild,,,66.91,,,,19599535.0,,,,,,,BenchmarkRangeLocatorBuild/KeySize=128/Keys=8192-20,8192.0,128.0,,,,61203495.0,,21,,68518.0,
8.0,16.0,16.0,2813389.0,,,BenchmarkRangeLocatorBuild,,,66.98,,,,86799496.0,,,,,,,BenchmarkRangeLocatorBuild/KeySize=128/Keys=32768-20,32768.0,128.0,,,,355411323.0,,3,,274365.0,
8.0,16.0,32.0,251850001.0,,,BenchmarkRangeLocatorBuild,,,67.34,,,,3031429056.0,,,,,,,BenchmarkRangeLocatorBuild/KeySize=128/Keys=262144-20,262144.0,128.0,,,,15530226560.0,,1,,2206495.0,
16.0,8.0,16.0,1301.0,,,BenchmarkRangeLocatorBuild,,,100.2,,,,79032.0,,,,,,,BenchmarkRangeLocatorBuild/KeySize=256/Keys=32-20,32.0,256.0,,,,160814.0,,6376,,401.0,
16.0,8.0,16.0,11883.0,,,BenchmarkRangeLocatorBuild,,,73.12,,,,625539.0,,,,,,,BenchmarkRangeLocatorBuild/KeySize=256/Keys=256-20,256.0,256.0,,,,1393873.0,,793,,2340.0,
16.0,8.0,16.0,56050.0,,,BenchmarkRangeLocatorBuild,,,68.75,,,,2536837.0,,,,,,,BenchmarkRangeLocatorBuild/KeySize=256/Keys=1024-20,1024.0,256.0,,,,7534184.0,,135,,8800.0,
16.0,16.0,16.0,499191.0,,,BenchmarkRangeLocatorBuild,,,68.7,,,,20820830.0,,,,,,,BenchmarkRangeLocatorBuild/KeySize=256/Keys=8192-20,8192.0,256.0,,,,60724525.0,,19,,70349.0,
16.0,16.0,16.0,3903028.0,,,BenchmarkRangeLocatorBuild,,,68.41,,,,102368976.0,,,,,,,BenchmarkRangeLocatorBuild/KeySize=256/Keys=32768-20,32768.0,256.0,,,,460793098.0,,3,,280188.0,
16.0,16.0,32.0,198219504.0,,,BenchmarkRangeLocatorBuild,,,68.76,,,,2720038264.0,,,,,,,BenchmarkRangeLocatorBuild/KeySize=256/Keys=262144-20,262144.0,256.0,,,,13686545023.0,,1,,2253045.0,
16.0,8.0,16.0,1344.0,,,BenchmarkRangeLocatorBuild,,,112.2,,,,83784.0,,,,,,,BenchmarkRangeLocatorBuild/KeySize=512/Keys=32-20,32.0,512.0,,,,169115.0,,8119,,449.0,
16.0,8.0,16.0,11942.0,,,BenchmarkRangeLocatorBuild,,,73.12,,,,657646.0,,,,,,,BenchmarkRangeLocatorBuild/KeySize=512/Keys=256-20,256.0,512.0,,,,1484347.0,,852,,2340.0,
16.0,8.0,16.0,57133.0,,,BenchmarkRangeLocatorBuild,,,71.73,,,,2701758.0,,,,,,,BenchmarkRangeLocatorBuild/KeySize=512/Keys=1024-20,1024.0,512.0,,,,7215001.0,,190,,9182.0,
16.0,16.0,16.0,552910.0,,,BenchmarkRangeLocatorBuild,,,71.91,,,,22682722.0,,,,,,,BenchmarkRangeLocatorBuild/KeySize=512/Keys=8192-20,8192.0,512.0,,,,57075916.0,,21,,73638.0,
16.0,16.0,16.0,3583474.0,,,BenchmarkRangeLocatorBuild,,,71.25,,,,108501354.0,,,,,,,BenchmarkRangeLocatorBuild/KeySize=512/Keys=32768-20,32768.0,512.0,,,,375150289.0,,3,,291837.0,
16.0,16.0,32.0,184965300.0,,,BenchmarkRangeLocatorBuild,,,71.81,,,,2826003336.0,,,,,,,BenchmarkRangeLocatorBuild/KeySize=512/Keys=262144-20,262144.0,512.0,,,,14134713184.0,,1,,2353211.0,
16.0,8.0,16.0,1276.0,,,BenchmarkRangeLocatorBuild,,,126.8,,,,90280.0,,,,,,,BenchmarkRangeLocatorBuild/KeySize=1024/Keys=32-20,32.0,1024.0,,,,191399.0,,6316,,507.0,
16.0,8.0,16.0,11880.0,,,BenchmarkRangeLocatorBuild,,,80.28,,,,718168.0,,,,,,,BenchmarkRangeLocatorBuild/KeySize=1024/Keys=256-20,256.0,1024.0,,,,1377392.0,,954,,2569.0,
16.0,8.0,16.0,57615.0,,,BenchmarkRangeLocatorBuild,,,81.28,,,,3052624.0,,,,,,,BenchmarkRangeLocatorBuild/KeySize=1024/Keys=1024-20,1024.0,1024.0,,,,8339496.0,,166,,10404.0,
16.0,16.0,16.0,622443.0,,,BenchmarkRangeLocatorBuild,,,77.72,,,,26567787.0,,,,,,,BenchmarkRangeLocatorBuild/KeySize=1024/Keys=8192-20,8192.0,1024.0,,,,73491634.0,,15,,79590.0,
16.0,16.0,16.0,5173118.0,,,BenchmarkRangeLocatorBuild,,,77.61,,,,149547608.0,,,,,,,BenchmarkRangeLocatorBuild/KeySize=1024/Keys=32768-20,32768.0,1024.0,,,,664355728.0,,2,,317895.0,
16.0,16.0,32.0,160950000.0,,,BenchmarkRangeLocatorBuild,,,77.7,,,,3054912976.0,,,,,,,BenchmarkRangeLocatorBuild/KeySize=1024/Keys=262144-20,262144.0,1024.0,,,,14022645590.0,,1,,2545913.0,
16.0,8.0,16.0,1273.0,,,BenchmarkRangeLocatorBuild,,,223.0,,,,144807.0,,,,,,,BenchmarkRangeLocatorBuild/KeySize=4096/Keys=32-20,32.0,4096.0,,,,329909.0,,4188,,892.0,
16.0,8.0,16.0,12200.0,,,BenchmarkRangeLocatorBuild,,,100.8,,,,1230208.0,,,,,,,BenchmarkRangeLocatorBuild/KeySize=4096/Keys=256-20,256.0,4096.0,,,,2661078.0,,451,,3224.0,
16.0,8.0,16.0,57820.0,,,BenchmarkRangeLocatorBuild,,,113.0,,,,4924358.0,,,,,,,BenchmarkRangeLocatorBuild/KeySize=4096/Keys=1024-20,1024.0,4096.0,,,,10542596.0,,100,,14469.0,
16.0,16.0,16.0,607749.0,,,BenchmarkRangeLocatorBuild,,,114.6,,,,48747385.0,,,,,,,BenchmarkRangeLocatorBuild/KeySize=4096/Keys=8192-20,8192.0,4096.0,,,,149103458.0,,13,,117305.0,
16.0,16.0,16.0,10299149.0,,,BenchmarkRangeLocatorBuild,,,113.7,,,,471573324.0,,,,,,,BenchmarkRangeLocatorBuild/KeySize=4096/Keys=32768-20,32768.0,4096.0,,,,1479354706.0,,2,,465629.0,
16.0,16.0,32.0,163623165.0,,,BenchmarkRangeLocatorBuild,,,114.4,,,,6145853000.0,,,,,,,BenchmarkRangeLocatorBuild/KeySize=4096/Keys=262144-20,262144.0,4096.0,,,,26394327573.0,,1,,3749871.0,
,,,9.0,,,BenchmarkRangeLocatorQuery,,,,,,,80.0,,,,,,,BenchmarkRangeLocatorQuery/KeySize=64/Keys=32-20,32.0,64.0,,,,550.0,,2268260,,,
,,,12.0,,,BenchmarkRangeLocatorQuery,,,,,,,105.0,,,,,,,BenchmarkRangeLocatorQuery/KeySize=64/Keys=256-20,256.0,64.0,,,,739.5,,1658540,,,
,,,16.0,,,BenchmarkRangeLocatorQuery,,,,,,,137.0,,,,,,,BenchmarkRangeLocatorQuery/KeySize=64/Keys=1024-20,1024.0,64.0,,,,1158.0,,1000000,,,
,,,18.0,,,BenchmarkRangeLocatorQuery,,,,,,,154.0,,,,,,,BenchmarkRangeLocatorQuery/KeySize=64/Keys=8192-20,8192.0,64.0,,,,1273.0,,892488,,,
,,,18.0,,,BenchmarkRangeLocatorQuery,,,,,,,150.0,,,,,,,BenchmarkRangeLocatorQuery/KeySize=64/Keys=32768-20,32768.0,64.0,,,,1370.0,,1000000,,,
,,,21.0,,,BenchmarkRangeLocatorQuery,,,,,,,173.0,,,,,,,BenchmarkRangeLocatorQuery/KeySize=64/Keys=262144-20,262144.0,64.0,,,,1391.0,,803768,,,
,,,9.0,,,BenchmarkRangeLocatorQuery,,,,,,,88.0,,,,,,,BenchmarkRangeLocatorQuery/KeySize=128/Keys=32-20,32.0,128.0,,,,505.8,,2441360,,,
,,,12.0,,,BenchmarkRangeLocatorQuery,,,,,,,113.0,,,,,,,BenchmarkRangeLocatorQuery/KeySize=128/Keys=256-20,256.0,128.0,,,,767.9,,1556899,,,
,,,17.0,,,BenchmarkRangeLocatorQuery,,,,,,,151.0,,,,,,,BenchmarkRangeLocatorQuery/KeySize=128/Keys=1024-20,1024.0,128.0,,,,1088.0,,1000000,,,
,,,19.0,,,BenchmarkRangeLocatorQuery,,,,,,,169.0,,,,,,,BenchmarkRangeLocatorQuery/KeySize=128/Keys=8192-20,8192.0,128.0,,,,1262.0,,1000000,,,
,,,19.0,,,BenchmarkRangeLocatorQuery,,,,,,,167.0,,,,,,,BenchmarkRangeLocatorQuery/KeySize=128/Keys=32768-20,32768.0,128.0,,,,1312.0,,1000000,,,
,,,21.0,,,BenchmarkRangeLocatorQuery,,,,,,,190.0,,,,,,,BenchmarkRangeLocatorQuery/KeySize=128/Keys=262144-20,262144.0,128.0,,,,1506.0,,685400,,,
,,,10.0,,,BenchmarkRangeLocatorQuery,,,,,,,134.0,,,,,,,BenchmarkRangeLocatorQuery/KeySize=256/Keys=32-20,32.0,256.0,,,,564.3,,1900171,,,
,,,13.0,,,BenchmarkRangeLocatorQuery,,,,,,,168.0,,,,,,,BenchmarkRangeLocatorQuery/KeySize=256/Keys=256-20,256.0,256.0,,,,1014.0,,1365807,,,
,,,17.0,,,BenchmarkRangeLocatorQuery,,,,,,,199.0,,,,,,,BenchmarkRangeLocatorQuery/KeySize=256/Keys=1024-20,1024.0,256.0,,,,1205.0,,1024725,,,
,,,20.0,,,BenchmarkRangeLocatorQuery,,,,,,,224.0,,,,,,,BenchmarkRangeLocatorQuery/KeySize=256/Keys=8192-20,8192.0,256.0,,,,1554.0,,942248,,,
,,,19.0,,,BenchmarkRangeLocatorQuery,,,,,,,224.0,,,,,,,BenchmarkRangeLocatorQuery/KeySize=256/Keys=32768-20,32768.0,256.0,,,,2220.0,,785301,,,
,,,23.0,,,BenchmarkRangeLocatorQuery,,,,,,,246.0,,,,,,,BenchmarkRangeLocatorQuery/KeySize=256/Keys=262144-20,262144.0,256.0,,,,2674.0,,995312,,,
,,,10.0,,,BenchmarkRangeLocatorQuery,,,,,,,186.0,,,,,,,BenchmarkRangeLocatorQuery/KeySize=512/Keys=32-20,32.0,512.0,,,,850.8,,1253185,,,
,,,14.0,,,BenchmarkRangeLocatorQuery,,,,,,,218.0,,,,,,,BenchmarkRangeLocatorQuery/KeySize=512/Keys=256-20,256.0,512.0,,,,1193.0,,897476,,,
,,,18.0,,,BenchmarkRangeLocatorQuery,,,,,,,255.0,,,,,,,BenchmarkRangeLocatorQuery/KeySize=512/Keys=1024-20,1024.0,512.0,,,,1944.0,,705014,,,
,,,20.0,,,BenchmarkRangeLocatorQuery,,,,,,,285.0,,,,,,,BenchmarkRangeLocatorQuery/KeySize=512/Keys=8192-20,8192.0,512.0,,,,1758.0,,839284,,,
,,,20.0,,,BenchmarkRangeLocatorQuery,,,,,,,300.0,,,,,,,BenchmarkRangeLocatorQuery/KeySize=512/Keys=32768-20,32768.0,512.0,,,,1769.0,,673650,,,
,,,23.0,,,BenchmarkRangeLocatorQuery,,,,,,,316.0,,,,,,,BenchmarkRangeLocatorQuery/KeySize=512/Keys=262144-20,262144.0,512.0,,,,1796.0,,778599,,,
,,,10.0,,,BenchmarkRangeLocatorQuery,,,,,,,280.0,,,,,,,BenchmarkRangeLocatorQuery/KeySize=1024/Keys=32-20,32.0,1024.0,,,,888.9,,1905306,,,
,,,14.0,,,BenchmarkRangeLocatorQuery,,,,,,,308.0,,,,,,,BenchmarkRangeLocatorQuery/KeySize=1024/Keys=256-20,256.0,1024.0,,,,1131.0,,1220466,,,
,,,18.0,,,BenchmarkRangeLocatorQuery,,,,,,,376.0,,,,,,,BenchmarkRangeLocatorQuery/KeySize=1024/Keys=1024-20,1024.0,1024.0,,,,1946.0,,614576,,,
,,,21.0,,,BenchmarkRangeLocatorQuery,,,,,,,415.0,,,,,,,BenchmarkRangeLocatorQuery/KeySize=1024/Keys=8192-20,8192.0,1024.0,,,,1752.0,,769920,,,
,,,21.0,,,BenchmarkRangeLocatorQuery,,,,,,,448.0,,,,,,,BenchmarkRangeLocatorQuery/KeySize=1024/Keys=32768-20,32768.0,1024.0,,,,2115.0,,578473,,,
,,,24.0,,,BenchmarkRangeLocatorQuery,,,,,,,458.0,,,,,,,BenchmarkRangeLocatorQuery/KeySize=1024/Keys=262144-20,262144.0,1024.0,,,,1522.0,,676273,,,
,,,10.0,,,BenchmarkRangeLocatorQuery,,,,,,,913.0,,,,,,,BenchmarkRangeLocatorQuery/KeySize=4096/Keys=32-20,32.0,4096.0,,,,867.3,,1340988,,,
,,,14.0,,,BenchmarkRangeLocatorQuery,,,,,,,1036.0,,,,,,,BenchmarkRangeLocatorQuery/KeySize=4096/Keys=256-20,256.0,4096.0,,,,1207.0,,1000000,,,
,,,18.0,,,BenchmarkRangeLocatorQuery,,,,,,,1034.0,,,,,,,BenchmarkRangeLocatorQuery/KeySize=4096/Keys=1024-20,1024.0,4096.0,,,,1442.0,,1000000,,,
,,,22.0,,,BenchmarkRangeLocatorQuery,,,,,,,1312.0,,,,,,,BenchmarkRangeLocatorQuery/KeySize=4096/Keys=8192-20,8192.0,4096.0,,,,2081.0,,592437,,,
,,,22.0,,,BenchmarkRangeLocatorQuery,,,,,,,1370.0,,,,,,,BenchmarkRangeLocatorQuery/KeySize=4096/Keys=32768-20,32768.0,4096.0,,,,2276.0,,595208,,,
,,,25.0,,,BenchmarkRangeLocatorQuery,,,,,,,1369.0,,,,,,,BenchmarkRangeLocatorQuery/KeySize=4096/Keys=262144-20,262144.0,4096.0,,,,2478.0,,534571,,,
,,,1515.0,,,BenchmarkLocalExactRangeLocatorBuildFast,,,245.0,,,,122994.0,,,,,,,BenchmarkLocalExactRangeLocatorBuildFast/KeySize=64/Keys=32-20,32.0,64.0,,,,220435.0,,6097,,,
,,,12566.0,,,BenchmarkLocalExactRangeLocatorBuildFast,,,147.7,,,,951039.0,,,,,,,BenchmarkLocalExactRangeLocatorBuildFast/KeySize=64/Keys=256-20,256.0,64.0,,,,1814634.0,,626,,,
,,,58560.0,,,BenchmarkLocalExactRangeLocatorBuildFast,,,138.4,,,,3829640.0,,,,,,,BenchmarkLocalExactRangeLocatorBuildFast/KeySize=64/Keys=1024-20,1024.0,64.0,,,,8399658.0,,144,,,
,,,500249.0,,,BenchmarkLocalExactRangeLocatorBuildFast,,,131.1,,,,30886004.0,,,,,,,BenchmarkLocalExactRangeLocatorBuildFast/KeySize=64/Keys=8192-20,8192.0,64.0,,,,73468506.0,,15,,,
,,,2010768.0,,,BenchmarkLocalExactRangeLocatorBuildFast,,,130.2,,,,124612765.0,,,,,,,BenchmarkLocalExactRangeLocatorBuildFast/KeySize=64/Keys=32768-20,32768.0,64.0,,,,351617523.0,,3,,,
,,,17545012.0,,,BenchmarkLocalExactRangeLocatorBuildFast,,,135.7,,,,1033959792.0,,,,,,,BenchmarkLocalExactRangeLocatorBuildFast/KeySize=64/Keys=262144-20,262144.0,64.0,,,,3001321946.0,,1,,,
,,,1505.0,,,BenchmarkLocalExactRangeLocatorBuildFast,,,252.2,,,,152336.0,,,,,,,BenchmarkLocalExactRangeLocatorBuildFast/KeySize=128/Keys=32-20,32.0,128.0,,,,239543.0,,4718,,,
,,,12507.0,,,BenchmarkLocalExactRangeLocatorBuildFast,,,159.8,,,,1067247.0,,,,,,,BenchmarkLocalExactRangeLocatorBuildFast/KeySize=128/Keys=256-20,256.0,128.0,,,,1936791.0,,658,,,
,,,60415.0,,,BenchmarkLocalExactRangeLocatorBuildFast,,,150.2,,,,4318852.0,,,,,,,BenchmarkLocalExactRangeLocatorBuildFast/KeySize=128/Keys=1024-20,1024.0,128.0,,,,9303058.0,,127,,,
,,,517526.0,,,BenchmarkLocalExactRangeLocatorBuildFast,,,143.1,,,,32336837.0,,,,,,,BenchmarkLocalExactRangeLocatorBuildFast/KeySize=128/Keys=8192-20,8192.0,128.0,,,,79653732.0,,14,,,
,,,2463656.0,,,BenchmarkLocalExactRangeLocatorBuildFast,,,142.6,,,,134047917.0,,,,,,,BenchmarkLocalExactRangeLocatorBuildFast/KeySize=128/Keys=32768-20,32768.0,128.0,,,,360513309.0,,3,,,
,,,197955557.0,,,BenchmarkLocalExactRangeLocatorBuildFast,,,148.8,,,,3126199936.0,,,,,,,BenchmarkLocalExactRangeLocatorBuildFast/KeySize=128/Keys=262144-20,262144.0,128.0,,,,13699855667.0,,1,,,
,,,1551.0,,,BenchmarkLocalExactRangeLocatorBuildFast,,,333.8,,,,157776.0,,,,,,,BenchmarkLocalExactRangeLocatorBuildFast/KeySize=256/Keys=32-20,32.0,256.0,,,,224721.0,,5799,,,
,,,13229.0,,,BenchmarkLocalExactRangeLocatorBuildFast,,,234.6,,,,1235106.0,,,,,,,BenchmarkLocalExactRangeLocatorBuildFast/KeySize=256/Keys=256-20,256.0,256.0,,,,2155023.0,,672,,,
,,,61224.0,,,BenchmarkLocalExactRangeLocatorBuildFast,,,229.2,,,,5131802.0,,,,,,,BenchmarkLocalExactRangeLocatorBuildFast/KeySize=256/Keys=1024-20,1024.0,256.0,,,,10444826.0,,100,,,
,,,567396.0,,,BenchmarkLocalExactRangeLocatorBuildFast,,,216.3,,,,42215618.0,,,,,,,BenchmarkLocalExactRangeLocatorBuildFast/KeySize=256/Keys=8192-20,8192.0,256.0,,,,90132238.0,,12,,,
,,,2789254.0,,,BenchmarkLocalExactRangeLocatorBuildFast,,,215.6,,,,175094360.0,,,,,,,BenchmarkLocalExactRangeLocatorBuildFast/KeySize=256/Keys=32768-20,32768.0,256.0,,,,472673079.0,,3,,,
,,,173668491.0,,,BenchmarkLocalExactRangeLocatorBuildFast,,,225.7,,,,3185497728.0,,,,,,,BenchmarkLocalExactRangeLocatorBuildFast/KeySize=256/Keys=262144-20,262144.0,256.0,,,,14629813182.0,,1,,,
,,,1590.0,,,BenchmarkLocalExactRangeLocatorBuildFast,,,361.8,,,,162560.0,,,,,,,BenchmarkLocalExactRangeLocatorBuildFast/KeySize=512/Keys=32-20,32.0,512.0,,,,246564.0,,5590,,,
,,,13306.0,,,BenchmarkLocalExactRangeLocatorBuildFast,,,257.1,,,,1278352.0,,,,,,,BenchmarkLocalExactRangeLocatorBuildFast/KeySize=512/Keys=256-20,256.0,512.0,,,,2287398.0,,500,,,
,,,62538.0,,,BenchmarkLocalExactRangeLocatorBuildFast,,,251.5,,,,5333848.0,,,,,,,BenchmarkLocalExactRangeLocatorBuildFast/KeySize=512/Keys=1024-20,1024.0,512.0,,,,10963370.0,,118,,,
,,,609443.0,,,BenchmarkLocalExactRangeLocatorBuildFast,,,239.0,,,,44514646.0,,,,,,,BenchmarkLocalExactRangeLocatorBuildFast/KeySize=512/Keys=8192-20,8192.0,512.0,,,,78963413.0,,15,,,
,,,5895856.0,,,BenchmarkLocalExactRangeLocatorBuildFast,,,237.9,,,,220276664.0,,,,,,,BenchmarkLocalExactRangeLocatorBuildFast/KeySize=512/Keys=32768-20,32768.0,512.0,,,,743784472.0,,2,,,
,,,197739876.0,,,BenchmarkLocalExactRangeLocatorBuildFast,,,248.4,,,,3673212152.0,,,,,,,BenchmarkLocalExactRangeLocatorBuildFast/KeySize=512/Keys=262144-20,262144.0,512.0,,,,16069452375.0,,1,,,
,,,1518.0,,,BenchmarkLocalExactRangeLocatorBuildFast,,,380.2,,,,168776.0,,,,,,,BenchmarkLocalExactRangeLocatorBuildFast/KeySize=1024/Keys=32-20,32.0,1024.0,,,,255420.0,,5701,,,
,,,13268.0,,,BenchmarkLocalExactRangeLocatorBuildFast,,,285.7,,,,1354634.0,,,,,,,BenchmarkLocalExactRangeLocatorBuildFast/KeySize=1024/Keys=256-20,256.0,1024.0,,,,2340520.0,,507,,,
,,,62814.0,,,BenchmarkLocalExactRangeLocatorBuildFast,,,279.4,,,,5718028.0,,,,,,,BenchmarkLocalExactRangeLocatorBuildFast/KeySize=1024/Keys=1024-20,1024.0,1024.0,,,,11720009.0,,100,,,
,,,567775.0,,,BenchmarkLocalExactRangeLocatorBuildFast,,,264.4,,,,48536968.0,,,,,,,BenchmarkLocalExactRangeLocatorBuildFast/KeySize=1024/Keys=8192-20,8192.0,1024.0,,,,112472535.0,,13,,,
,,,3176176.0,,,BenchmarkLocalExactRangeLocatorBuildFast,,,264.0,,,,211666584.0,,,,,,,BenchmarkLocalExactRangeLocatorBuildFast/KeySize=1024/Keys=32768-20,32768.0,1024.0,,,,524891709.0,,2,,,
,,,173657758.0,,,BenchmarkLocalExactRangeLocatorBuildFast,,,274.0,,,,3940236128.0,,,,,,,BenchmarkLocalExactRangeLocatorBuildFast/KeySize=1024/Keys=262144-20,262144.0,1024.0,,,,18880103058.0,,1,,,
,,,1518.0,,,BenchmarkLocalExactRangeLocatorBuildFast,,,512.0,,,,235984.0,,,,,,,BenchmarkLocalExactRangeLocatorBuildFast/KeySize=4096/Keys=32-20,32.0,4096.0,,,,541907.0,,2521,,,
,,,13624.0,,,BenchmarkLocalExactRangeLocatorBuildFast,,,347.4,,,,1935968.0,,,,,,,BenchmarkLocalExactRangeLocatorBuildFast/KeySize=4096/Keys=256-20,256.0,4096.0,,,,3324452.0,,333,,,
,,,62347.0,,,BenchmarkLocalExactRangeLocatorBuildFast,,,351.7,,,,7824506.0,,,,,,,BenchmarkLocalExactRangeLocatorBuildFast/KeySize=4096/Keys=1024-20,1024.0,4096.0,,,,16273568.0,,63,,,
,,,683642.0,,,BenchmarkLocalExactRangeLocatorBuildFast,,,340.5,,,,73589529.0,,,,,,,BenchmarkLocalExactRangeLocatorBuildFast/KeySize=4096/Keys=8192-20,8192.0,4096.0,,,,207016594.0,,5,,,
,,,2593081.0,,,BenchmarkLocalExactRangeLocatorBuildFast,,,339.4,,,,303365904.0,,,,,,,BenchmarkLocalExactRangeLocatorBuildFast/KeySize=4096/Keys=32768-20,32768.0,4096.0,,,,1356094840.0,,1,,,
,,,132118859.0,,,BenchmarkLocalExactRangeLocatorBuildFast,,,350.2,,,,5997986832.0,,,,,,,BenchmarkLocalExactRangeLocatorBuildFast/KeySize=4096/Keys=262144-20,262144.0,4096.0,,,,24679115344.0,,1,,,
,,,1528.0,,,BenchmarkLocalExactRangeLocatorBuildCompact,,,226.8,,,,132364.0,,,,,,,BenchmarkLocalExactRangeLocatorBuildCompact/KeySize=64/Keys=32-20,32.0,64.0,,,,235132.0,,4814,,,
,,,12586.0,,,BenchmarkLocalExactRangeLocatorBuildCompact,,,114.8,,,,1012175.0,,,,,,,BenchmarkLocalExactRangeLocatorBuildCompact/KeySize=64/Keys=256-20,256.0,64.0,,,,1895378.0,,648,,,
,,,58588.0,,,BenchmarkLocalExactRangeLocatorBuildCompact,,,104.7,,,,4057500.0,,,,,,,BenchmarkLocalExactRangeLocatorBuildCompact/KeySize=64/Keys=1024-20,1024.0,64.0,,,,8976877.0,,135,,,
,,,500293.0,,,BenchmarkLocalExactRangeLocatorBuildCompact,,,102.2,,,,32636266.0,,,,,,,BenchmarkLocalExactRangeLocatorBuildCompact/KeySize=64/Keys=8192-20,8192.0,64.0,,,,78975685.0,,15,,,
,,,2010830.0,,,BenchmarkLocalExactRangeLocatorBuildCompact,,,101.4,,,,131636650.0,,,,,,,BenchmarkLocalExactRangeLocatorBuildCompact/KeySize=64/Keys=32768-20,32768.0,64.0,,,,344141376.0,,3,,,
,,,17545096.0,,,BenchmarkLocalExactRangeLocatorBuildCompact,,,103.5,,,,1091800568.0,,,,,,,BenchmarkLocalExactRangeLocatorBuildCompact/KeySize=64/Keys=262144-20,262144.0,64.0,,,,3120518681.0,,1,,,
,,,1518.0,,,BenchmarkLocalExactRangeLocatorBuildCompact,,,226.2,,,,167592.0,,,,,,,BenchmarkLocalExactRangeLocatorBuildCompact/KeySize=128/Keys=32-20,32.0,128.0,,,,241306.0,,4418,,,
,,,12527.0,,,BenchmarkLocalExactRangeLocatorBuildCompact,,,120.2,,,,1145803.0,,,,,,,BenchmarkLocalExactRangeLocatorBuildCompact/KeySize=128/Keys=256-20,256.0,128.0,,,,2187305.0,,612,,,
,,,60057.0,,,BenchmarkLocalExactRangeLocatorBuildCompact,,,109.4,,,,4621234.0,,,,,,,BenchmarkLocalExactRangeLocatorBuildCompact/KeySize=128/Keys=1024-20,1024.0,128.0,,,,8537190.0,,122,,,
,,,528155.0,,,BenchmarkLocalExactRangeLocatorBuildCompact,,,105.3,,,,34318117.0,,,,,,,BenchmarkLocalExactRangeLocatorBuildCompact/KeySize=128/Keys=8192-20,8192.0,128.0,,,,79749713.0,,13,,,
,,,3628405.0,,,BenchmarkLocalExactRangeLocatorBuildCompact,,,107.0,,,,152327224.0,,,,,,,BenchmarkLocalExactRangeLocatorBuildCompact/KeySize=128/Keys=32768-20,32768.0,128.0,,,,453382732.0,,3,,,
,,,201995171.0,,,BenchmarkLocalExactRangeLocatorBuildCompact,,,109.6,,,,3231366240.0,,,,,,,BenchmarkLocalExactRangeLocatorBuildCompact/KeySize=128/Keys=262144-20,262144.0,128.0,,,,13550804508.0,,1,,,
,,,1564.0,,,BenchmarkLocalExactRangeLocatorBuildCompact,,,235.2,,,,173120.0,,,,,,,BenchmarkLocalExactRangeLocatorBuildCompact/KeySize=256/Keys=32-20,32.0,256.0,,,,263660.0,,5142,,,
,,,13238.0,,,BenchmarkLocalExactRangeLocatorBuildCompact,,,125.6,,,,1331336.0,,,,,,,BenchmarkLocalExactRangeLocatorBuildCompact/KeySize=256/Keys=256-20,256.0,256.0,,,,2302984.0,,499,,,
,,,61255.0,,,BenchmarkLocalExactRangeLocatorBuildCompact,,,116.4,,,,5523002.0,,,,,,,BenchmarkLocalExactRangeLocatorBuildCompact/KeySize=256/Keys=1024-20,1024.0,256.0,,,,10020583.0,,105,,,
,,,571509.0,,,BenchmarkLocalExactRangeLocatorBuildCompact,,,113.6,,,,45217102.0,,,,,,,BenchmarkLocalExactRangeLocatorBuildCompact/KeySize=256/Keys=8192-20,8192.0,256.0,,,,101767960.0,,13,,,
,,,3961332.0,,,BenchmarkLocalExactRangeLocatorBuildCompact,,,113.0,,,,198817564.0,,,,,,,BenchmarkLocalExactRangeLocatorBuildCompact/KeySize=256/Keys=32768-20,32768.0,256.0,,,,558663390.0,,2,,,
,,,180626820.0,,,BenchmarkLocalExactRangeLocatorBuildCompact,,,115.5,,,,3342348752.0,,,,,,,BenchmarkLocalExactRangeLocatorBuildCompact/KeySize=256/Keys=262144-20,262144.0,256.0,,,,14765288667.0,,1,,,
,,,1603.0,,,BenchmarkLocalExactRangeLocatorBuildCompact,,,249.2,,,,178392.0,,,,,,,BenchmarkLocalExactRangeLocatorBuildCompact/KeySize=512/Keys=32-20,32.0,512.0,,,,261540.0,,4425,,,
,,,13330.0,,,BenchmarkLocalExactRangeLocatorBuildCompact,,,131.5,,,,1377640.0,,,,,,,BenchmarkLocalExactRangeLocatorBuildCompact/KeySize=512/Keys=256-20,256.0,512.0,,,,2372381.0,,541,,,
,,,62831.0,,,BenchmarkLocalExactRangeLocatorBuildCompact,,,123.6,,,,5735336.0,,,,,,,BenchmarkLocalExactRangeLocatorBuildCompact/KeySize=512/Keys=1024-20,1024.0,512.0,,,,11292790.0,,118,,,
,,,598127.0,,,BenchmarkLocalExactRangeLocatorBuildCompact,,,121.0,,,,47440838.0,,,,,,,BenchmarkLocalExactRangeLocatorBuildCompact/KeySize=512/Keys=8192-20,8192.0,512.0,,,,96027171.0,,14,,,
,,,4394120.0,,,BenchmarkLocalExactRangeLocatorBuildCompact,,,120.0,,,,215729780.0,,,,,,,BenchmarkLocalExactRangeLocatorBuildCompact/KeySize=512/Keys=32768-20,32768.0,512.0,,,,686799885.0,,2,,,
,,,181701298.0,,,BenchmarkLocalExactRangeLocatorBuildCompact,,,122.7,,,,3614923048.0,,,,,,,BenchmarkLocalExactRangeLocatorBuildCompact/KeySize=512/Keys=262144-20,262144.0,512.0,,,,15512713280.0,,1,,,
,,,1530.0,,,BenchmarkLocalExactRangeLocatorBuildCompact,,,250.0,,,,184704.0,,,,,,,BenchmarkLocalExactRangeLocatorBuildCompact/KeySize=1024/Keys=32-20,32.0,1024.0,,,,263600.0,,4603,,,
,,,13291.0,,,BenchmarkLocalExactRangeLocatorBuildCompact,,,140.3,,,,1458460.0,,,,,,,BenchmarkLocalExactRangeLocatorBuildCompact/KeySize=1024/Keys=256-20,256.0,1024.0,,,,2411608.0,,474,,,
,,,62760.0,,,BenchmarkLocalExactRangeLocatorBuildCompact,,,136.0,,,,6131008.0,,,,,,,BenchmarkLocalExactRangeLocatorBuildCompact/KeySize=1024/Keys=1024-20,1024.0,1024.0,,,,10492054.0,,100,,,
,,,581641.0,,,BenchmarkLocalExactRangeLocatorBuildCompact,,,130.8,,,,51832228.0,,,,,,,BenchmarkLocalExactRangeLocatorBuildCompact/KeySize=1024/Keys=8192-20,8192.0,1024.0,,,,103158071.0,,12,,,
,,,3424916.0,,,BenchmarkLocalExactRangeLocatorBuildCompact,,,130.5,,,,227605984.0,,,,,,,BenchmarkLocalExactRangeLocatorBuildCompact/KeySize=1024/Keys=32768-20,32768.0,1024.0,,,,592064320.0,,2,,,
,,,179478084.0,,,BenchmarkLocalExactRangeLocatorBuildCompact,,,132.6,,,,4111658112.0,,,,,,,BenchmarkLocalExactRangeLocatorBuildCompact/KeySize=1024/Keys=262144-20,262144.0,1024.0,,,,19557907740.0,,1,,,
,,,1530.0,,,BenchmarkLocalExactRangeLocatorBuildCompact,,,344.5,,,,252664.0,,,,,,,BenchmarkLocalExactRangeLocatorBuildCompact/KeySize=4096/Keys=32-20,32.0,4096.0,,,,524753.0,,2936,,,
,,,13647.0,,,BenchmarkLocalExactRangeLocatorBuildCompact,,,171.8,,,,2047408.0,,,,,,,BenchmarkLocalExactRangeLocatorBuildCompact/KeySize=4096/Keys=256-20,256.0,4096.0,,,,4786691.0,,211,,,
,,,62762.0,,,BenchmarkLocalExactRangeLocatorBuildCompact,,,176.4,,,,8266367.0,,,,,,,BenchmarkLocalExactRangeLocatorBuildCompact/KeySize=4096/Keys=1024-20,1024.0,4096.0,,,,23263749.0,,76,,,
,,,628971.0,,,BenchmarkLocalExactRangeLocatorBuildCompact,,,173.7,,,,75230136.0,,,,,,,BenchmarkLocalExactRangeLocatorBuildCompact/KeySize=4096/Keys=8192-20,8192.0,4096.0,,,,229282641.0,,5,,,
,,,3263343.0,,,BenchmarkLocalExactRangeLocatorBuildCompact,,,174.7,,,,339203312.0,,,,,,,BenchmarkLocalExactRangeLocatorBuildCompact/KeySize=4096/Keys=32768-20,32768.0,4096.0,,,,1086168910.0,,1,,,
,,,167592140.0,,,BenchmarkLocalExactRangeLocatorBuildCompact,,,177.5,,,,7134511248.0,,,,,,,BenchmarkLocalExactRangeLocatorBuildCompact/KeySize=4096/Keys=262144-20,262144.0,4096.0,,,,30135433428.0,,1,,,
,,,13.0,,,BenchmarkLocalExactRangeLocatorQueryFast,,,,,,,107.0,,,,,,,BenchmarkLocalExactRangeLocatorQueryFast/KeySize=64/Keys=32-20,32.0,64.0,,,,680.8,,1740415,,,
,,,16.0,,,BenchmarkLocalExactRangeLocatorQueryFast,,,,,,,132.0,,,,,,,BenchmarkLocalExactRangeLocatorQueryFast/KeySize=64/Keys=256-20,256.0,64.0,,,,1057.0,,1000000,,,
,,,20.0,,,BenchmarkLocalExactRangeLocatorQueryFast,,,,,,,164.0,,,,,,,BenchmarkLocalExactRangeLocatorQueryFast/KeySize=64/Keys=1024-20,1024.0,64.0,,,,1342.0,,996766,,,
,,,21.0,,,BenchmarkLocalExactRangeLocatorQueryFast,,,,,,,174.0,,,,,,,BenchmarkLocalExactRangeLocatorQueryFast/KeySize=64/Keys=8192-20,8192.0,64.0,,,,1487.0,,729554,,,
,,,21.0,,,BenchmarkLocalExactRangeLocatorQueryFast,,,,,,,171.0,,,,,,,BenchmarkLocalExactRangeLocatorQueryFast/KeySize=64/Keys=32768-20,32768.0,64.0,,,,1535.0,,672289,,,
,,,24.0,,,BenchmarkLocalExactRangeLocatorQueryFast,,,,,,,194.0,,,,,,,BenchmarkLocalExactRangeLocatorQueryFast/KeySize=64/Keys=262144-20,262144.0,64.0,,,,1615.0,,915388,,,
,,,14.0,,,BenchmarkLocalExactRangeLocatorQueryFast,,,,,,,114.0,,,,,,,BenchmarkLocalExactRangeLocatorQueryFast/KeySize=128/Keys=32-20,32.0,128.0,,,,605.9,,1925971,,,
,,,17.0,,,BenchmarkLocalExactRangeLocatorQueryFast,,,,,,,140.0,,,,,,,BenchmarkLocalExactRangeLocatorQueryFast/KeySize=128/Keys=256-20,256.0,128.0,,,,1122.0,,965401,,,
,,,21.0,,,BenchmarkLocalExactRangeLocatorQueryFast,,,,,,,175.0,,,,,,,BenchmarkLocalExactRangeLocatorQueryFast/KeySize=128/Keys=1024-20,1024.0,128.0,,,,1452.0,,934642,,,
,,,23.0,,,BenchmarkLocalExactRangeLocatorQueryFast,,,,,,,184.0,,,,,,,BenchmarkLocalExactRangeLocatorQueryFast/KeySize=128/Keys=8192-20,8192.0,128.0,,,,1500.0,,1000000,,,
,,,22.0,,,BenchmarkLocalExactRangeLocatorQueryFast,,,,,,,183.0,,,,,,,BenchmarkLocalExactRangeLocatorQueryFast/KeySize=128/Keys=32768-20,32768.0,128.0,,,,1499.0,,1000000,,,
,,,26.0,,,BenchmarkLocalExactRangeLocatorQueryFast,,,,,,,212.0,,,,,,,BenchmarkLocalExactRangeLocatorQueryFast/KeySize=128/Keys=262144-20,262144.0,128.0,,,,1891.0,,831774,,,
,,,14.0,,,BenchmarkLocalExactRangeLocatorQueryFast,,,,,,,115.0,,,,,,,BenchmarkLocalExactRangeLocatorQueryFast/KeySize=256/Keys=32-20,32.0,256.0,,,,741.8,,1920681,,,
,,,17.0,,,BenchmarkLocalExactRangeLocatorQueryFast,,,,,,,143.0,,,,,,,BenchmarkLocalExactRangeLocatorQueryFast/KeySize=256/Keys=256-20,256.0,256.0,,,,1238.0,,1117080,,,
,,,21.0,,,BenchmarkLocalExactRangeLocatorQueryFast,,,,,,,174.0,,,,,,,BenchmarkLocalExactRangeLocatorQueryFast/KeySize=256/Keys=1024-20,1024.0,256.0,,,,1799.0,,813583,,,
,,,22.0,,,BenchmarkLocalExactRangeLocatorQueryFast,,,,,,,183.0,,,,,,,BenchmarkLocalExactRangeLocatorQueryFast/KeySize=256/Keys=8192-20,8192.0,256.0,,,,1776.0,,717231,,,
,,,22.0,,,BenchmarkLocalExactRangeLocatorQueryFast,,,,,,,182.0,,,,,,,BenchmarkLocalExactRangeLocatorQueryFast/KeySize=256/Keys=32768-20,32768.0,256.0,,,,2120.0,,759201,,,
,,,26.0,,,BenchmarkLocalExactRangeLocatorQueryFast,,,,,,,212.0,,,,,,,BenchmarkLocalExactRangeLocatorQueryFast/KeySize=256/Keys=262144-20,262144.0,256.0,,,,2179.0,,468904,,,
,,,14.0,,,BenchmarkLocalExactRangeLocatorQueryFast,,,,,,,114.0,,,,,,,BenchmarkLocalExactRangeLocatorQueryFast/KeySize=512/Keys=32-20,32.0,512.0,,,,791.8,,1844661,,,
,,,18.0,,,BenchmarkLocalExactRangeLocatorQueryFast,,,,,,,145.0,,,,,,,BenchmarkLocalExactRangeLocatorQueryFast/KeySize=512/Keys=256-20,256.0,512.0,,,,1389.0,,969666,,,
,,,21.0,,,BenchmarkLocalExactRangeLocatorQueryFast,,,,,,,174.0,,,,,,,BenchmarkLocalExactRangeLocatorQueryFast/KeySize=512/Keys=1024-20,1024.0,512.0,,,,1658.0,,1000000,,,
,,,22.0,,,BenchmarkLocalExactRangeLocatorQueryFast,,,,,,,182.0,,,,,,,BenchmarkLocalExactRangeLocatorQueryFast/KeySize=512/Keys=8192-20,8192.0,512.0,,,,1511.0,,726729,,,
,,,22.0,,,BenchmarkLocalExactRangeLocatorQueryFast,,,,,,,182.0,,,,,,,BenchmarkLocalExactRangeLocatorQueryFast/KeySize=512/Keys=32768-20,32768.0,512.0,,,,2033.0,,664645,,,
,,,26.0,,,BenchmarkLocalExactRangeLocatorQueryFast,,,,,,,212.0,,,,,,,BenchmarkLocalExactRangeLocatorQueryFast/KeySize=512/Keys=262144-20,262144.0,512.0,,,,1994.0,,611242,,,
,,,14.0,,,BenchmarkLocalExactRangeLocatorQueryFast,,,,,,,113.0,,,,,,,BenchmarkLocalExactRangeLocatorQueryFast/KeySize=1024/Keys=32-20,32.0,1024.0,,,,557.8,,2060082,,,
,,,18.0,,,BenchmarkLocalExactRangeLocatorQueryFast,,,,,,,145.0,,,,,,,BenchmarkLocalExactRangeLocatorQueryFast/KeySize=1024/Keys=256-20,256.0,1024.0,,,,1118.0,,1106977,,,
,,,21.0,,,BenchmarkLocalExactRangeLocatorQueryFast,,,,,,,174.0,,,,,,,BenchmarkLocalExactRangeLocatorQueryFast/KeySize=1024/Keys=1024-20,1024.0,1024.0,,,,1462.0,,828097,,,
,,,22.0,,,BenchmarkLocalExactRangeLocatorQueryFast,,,,,,,182.0,,,,,,,BenchmarkLocalExactRangeLocatorQueryFast/KeySize=1024/Keys=8192-20,8192.0,1024.0,,,,1443.0,,861807,,,
,,,22.0,,,BenchmarkLocalExactRangeLocatorQueryFast,,,,,,,182.0,,,,,,,BenchmarkLocalExactRangeLocatorQueryFast/KeySize=1024/Keys=32768-20,32768.0,1024.0,,,,1511.0,,763546,,,
,,,26.0,,,BenchmarkLocalExactRangeLocatorQueryFast,,,,,,,212.0,,,,,,,BenchmarkLocalExactRangeLocatorQueryFast/KeySize=1024/Keys=262144-20,262144.0,1024.0,,,,2008.0,,502837,,,
,,,14.0,,,BenchmarkLocalExactRangeLocatorQueryFast,,,,,,,113.0,,,,,,,BenchmarkLocalExactRangeLocatorQueryFast/KeySize=4096/Keys=32-20,32.0,4096.0,,,,552.9,,2103037,,,
,,,17.0,,,BenchmarkLocalExactRangeLocatorQueryFast,,,,,,,143.0,,,,,,,BenchmarkLocalExactRangeLocatorQueryFast/KeySize=4096/Keys=256-20,256.0,4096.0,,,,1138.0,,1083530,,,
,,,21.0,,,BenchmarkLocalExactRangeLocatorQueryFast,,,,,,,171.0,,,,,,,BenchmarkLocalExactRangeLocatorQueryFast/KeySize=4096/Keys=1024-20,1024.0,4096.0,,,,1293.0,,1000000,,,
,,,22.0,,,BenchmarkLocalExactRangeLocatorQueryFast,,,,,,,182.0,,,,,,,BenchmarkLocalExactRangeLocatorQueryFast/KeySize=4096/Keys=8192-20,8192.0,4096.0,,,,1414.0,,766047,,,
,,,22.0,,,BenchmarkLocalExactRangeLocatorQueryFast,,,,,,,182.0,,,,,,,BenchmarkLocalExactRangeLocatorQueryFast/KeySize=4096/Keys=32768-20,32768.0,4096.0,,,,1739.0,,619846,,,
,,,26.0,,,BenchmarkLocalExactRangeLocatorQueryFast,,,,,,,212.0,,,,,,,BenchmarkLocalExactRangeLocatorQueryFast/KeySize=4096/Keys=262144-20,262144.0,4096.0,,,,2538.0,,544264,,,
,,,13.0,,,BenchmarkLocalExactRangeLocatorQueryCompact,,,,,,,107.0,,,,,,,BenchmarkLocalExactRangeLocatorQueryCompact/KeySize=64/Keys=32-20,32.0,64.0,,,,955.3,,1207617,,,
,,,16.0,,,BenchmarkLocalExactRangeLocatorQueryCompact,,,,,,,132.0,,,,,,,BenchmarkLocalExactRangeLocatorQueryCompact/KeySize=64/Keys=256-20,256.0,64.0,,,,1413.0,,1000000,,,
,,,20.0,,,BenchmarkLocalExactRangeLocatorQueryCompact,,,,,,,164.0,,,,,,,BenchmarkLocalExactRangeLocatorQueryCompact/KeySize=64/Keys=1024-20,1024.0,64.0,,,,1691.0,,847812,,,
,,,21.0,,,BenchmarkLocalExactRangeLocatorQueryCompact,,,,,,,174.0,,,,,,,BenchmarkLocalExactRangeLocatorQueryCompact/KeySize=64/Keys=8192-20,8192.0,64.0,,,,1817.0,,655081,,,
,,,21.0,,,BenchmarkLocalExactRangeLocatorQueryCompact,,,,,,,171.0,,,,,,,BenchmarkLocalExactRangeLocatorQueryCompact/KeySize=64/Keys=32768-20,32768.0,64.0,,,,1896.0,,850836,,,
,,,24.0,,,BenchmarkLocalExactRangeLocatorQueryCompact,,,,,,,194.0,,,,,,,BenchmarkLocalExactRangeLocatorQueryCompact/KeySize=64/Keys=262144-20,262144.0,64.0,,,,1579.0,,835713,,,
,,,14.0,,,BenchmarkLocalExactRangeLocatorQueryCompact,,,,,,,114.0,,,,,,,BenchmarkLocalExactRangeLocatorQueryCompact/KeySize=128/Keys=32-20,32.0,128.0,,,,849.4,,1457893,,,
,,,17.0,,,BenchmarkLocalExactRangeLocatorQueryCompact,,,,,,,140.0,,,,,,,BenchmarkLocalExactRangeLocatorQueryCompact/KeySize=128/Keys=256-20,256.0,128.0,,,,1498.0,,834747,,,
,,,21.0,,,BenchmarkLocalExactRangeLocatorQueryCompact,,,,,,,175.0,,,,,,,BenchmarkLocalExactRangeLocatorQueryCompact/KeySize=128/Keys=1024-20,1024.0,128.0,,,,1890.0,,701451,,,
,,,23.0,,,BenchmarkLocalExactRangeLocatorQueryCompact,,,,,,,184.0,,,,,,,BenchmarkLocalExactRangeLocatorQueryCompact/KeySize=128/Keys=8192-20,8192.0,128.0,,,,1549.0,,751407,,,
,,,22.0,,,BenchmarkLocalExactRangeLocatorQueryCompact,,,,,,,183.0,,,,,,,BenchmarkLocalExactRangeLocatorQueryCompact/KeySize=128/Keys=32768-20,32768.0,128.0,,,,2115.0,,629743,,,
,,,26.0,,,BenchmarkLocalExactRangeLocatorQueryCompact,,,,,,,212.0,,,,,,,BenchmarkLocalExactRangeLocatorQueryCompact/KeySize=128/Keys=262144-20,262144.0,128.0,,,,2637.0,,423076,,,
,,,14.0,,,BenchmarkLocalExactRangeLocatorQueryCompact,,,,,,,115.0,,,,,,,BenchmarkLocalExactRangeLocatorQueryCompact/KeySize=256/Keys=32-20,32.0,256.0,,,,1363.0,,755764,,,
,,,17.0,,,BenchmarkLocalExactRangeLocatorQueryCompact,,,,,,,143.0,,,,,,,BenchmarkLocalExactRangeLocatorQueryCompact/KeySize=256/Keys=256-20,256.0,256.0,,,,2291.0,,826140,,,
,,,21.0,,,BenchmarkLocalExactRangeLocatorQueryCompact,,,,,,,174.0,,,,,,,BenchmarkLocalExactRangeLocatorQueryCompact/KeySize=256/Keys=1024-20,1024.0,256.0,,,,3092.0,,530191,,,
,,,22.0,,,BenchmarkLocalExactRangeLocatorQueryCompact,,,,,,,183.0,,,,,,,BenchmarkLocalExactRangeLocatorQueryCompact/KeySize=256/Keys=8192-20,8192.0,256.0,,,,2541.0,,415174,,,
,,,22.0,,,BenchmarkLocalExactRangeLocatorQueryCompact,,,,,,,182.0,,,,,,,BenchmarkLocalExactRangeLocatorQueryCompact/KeySize=256/Keys=32768-20,32768.0,256.0,,,,3424.0,,447600,,,
,,,26.0,,,BenchmarkLocalExactRangeLocatorQueryCompact,,,,,,,212.0,,,,,,,BenchmarkLocalExactRangeLocatorQueryCompact/KeySize=256/Keys=262144-20,262144.0,256.0,,,,3139.0,,384685,,,
,,,14.0,,,BenchmarkLocalExactRangeLocatorQueryCompact,,,,,,,114.0,,,,,,,BenchmarkLocalExactRangeLocatorQueryCompact/KeySize=512/Keys=32-20,32.0,512.0,,,,1500.0,,782943,,,
,,,18.0,,,BenchmarkLocalExactRangeLocatorQueryCompact,,,,,,,145.0,,,,,,,BenchmarkLocalExactRangeLocatorQueryCompact/KeySize=512/Keys=256-20,256.0,512.0,,,,2244.0,,582192,,,
,,,21.0,,,BenchmarkLocalExactRangeLocatorQueryCompact,,,,,,,174.0,,,,,,,BenchmarkLocalExactRangeLocatorQueryCompact/KeySize=512/Keys=1024-20,1024.0,512.0,,,,2618.0,,402204,,,
,,,22.0,,,BenchmarkLocalExactRangeLocatorQueryCompact,,,,,,,182.0,,,,,,,BenchmarkLocalExactRangeLocatorQueryCompact/KeySize=512/Keys=8192-20,8192.0,512.0,,,,3633.0,,294892,,,
,,,22.0,,,BenchmarkLocalExactRangeLocatorQueryCompact,,,,,,,182.0,,,,,,,BenchmarkLocalExactRangeLocatorQueryCompact/KeySize=512/Keys=32768-20,32768.0,512.0,,,,3632.0,,374281,,,
,,,26.0,,,BenchmarkLocalExactRangeLocatorQueryCompact,,,,,,,212.0,,,,,,,BenchmarkLocalExactRangeLocatorQueryCompact/KeySize=512/Keys=262144-20,262144.0,512.0,,,,3650.0,,386856,,,
,,,14.0,,,BenchmarkLocalExactRangeLocatorQueryCompact,,,,,,,113.0,,,,,,,BenchmarkLocalExactRangeLocatorQueryCompact/KeySize=1024/Keys=32-20,32.0,1024.0,,,,2122.0,,800720,,,
,,,18.0,,,BenchmarkLocalExactRangeLocatorQueryCompact,,,,,,,145.0,,,,,,,BenchmarkLocalExactRangeLocatorQueryCompact/KeySize=1024/Keys=256-20,256.0,1024.0,,,,2298.0,,520844,,,
,,,21.0,,,BenchmarkLocalExactRangeLocatorQueryCompact,,,,,,,174.0,,,,,,,BenchmarkLocalExactRangeLocatorQueryCompact/KeySize=1024/Keys=1024-20,1024.0,1024.0,,,,3112.0,,333123,,,
,,,22.0,,,BenchmarkLocalExactRangeLocatorQueryCompact,,,,,,,182.0,,,,,,,BenchmarkLocalExactRangeLocatorQueryCompact/KeySize=1024/Keys=8192-20,8192.0,1024.0,,,,2959.0,,458692,,,
,,,22.0,,,BenchmarkLocalExactRangeLocatorQueryCompact,,,,,,,182.0,,,,,,,BenchmarkLocalExactRangeLocatorQueryCompact/KeySize=1024/Keys=32768-20,32768.0,1024.0,,,,3125.0,,359397,,,
,,,26.0,,,BenchmarkLocalExactRangeLocatorQueryCompact,,,,,,,212.0,,,,,,,BenchmarkLocalExactRangeLocatorQueryCompact/KeySize=1024/Keys=262144-20,262144.0,1024.0,,,,3139.0,,340794,,,
,,,14.0,,,BenchmarkLocalExactRangeLocatorQueryCompact,,,,,,,112.0,,,,,,,BenchmarkLocalExactRangeLocatorQueryCompact/KeySize=4096/Keys=32-20,32.0,4096.0,,,,1525.0,,782386,,,
,,,17.0,,,BenchmarkLocalExactRangeLocatorQueryCompact,,,,,,,143.0,,,,,,,BenchmarkLocalExactRangeLocatorQueryCompact/KeySize=4096/Keys=256-20,256.0,4096.0,,,,2386.0,,452086,,,
,,,21.0,,,BenchmarkLocalExactRangeLocatorQueryCompact,,,,,,,171.0,,,,,,,BenchmarkLocalExactRangeLocatorQueryCompact/KeySize=4096/Keys=1024-20,1024.0,4096.0,,,,3046.0,,429349,,,
,,,22.0,,,BenchmarkLocalExactRangeLocatorQueryCompact,,,,,,,182.0,,,,,,,BenchmarkLocalExactRangeLocatorQueryCompact/KeySize=4096/Keys=8192-20,8192.0,4096.0,,,,3295.0,,366002,,,
,,,22.0,,,BenchmarkLocalExactRangeLocatorQueryCompact,,,,,,,182.0,,,,,,,BenchmarkLocalExactRangeLocatorQueryCompact/KeySize=4096/Keys=32768-20,32768.0,4096.0,,,,3652.0,,361279,,,
,,,26.0,,,BenchmarkLocalExactRangeLocatorQueryCompact,,,,,,,212.0,,,,,,,BenchmarkLocalExactRangeLocatorQueryCompact/KeySize=4096/Keys=262144-20,262144.0,4096.0,,,,3788.0,,318790,,,
,,,3043.0,,,BenchmarkMemoryComparison,,,,,,,255356.0,226.8,,,,245.0,1.08,BenchmarkMemoryComparison/KeySize=64/Keys=32-20,32.0,64.0,,,,461540.0,,2186,,,
,,,25152.0,,,BenchmarkMemoryComparison,,,,,,,1963250.0,114.8,,,,147.7,1.287,BenchmarkMemoryComparison/KeySize=64/Keys=256-20,256.0,64.0,,,,3692262.0,,333,,,
,,,117148.0,,,BenchmarkMemoryComparison,,,,,,,7887152.0,104.7,,,,138.4,1.322,BenchmarkMemoryComparison/KeySize=64/Keys=1024-20,1024.0,64.0,,,,17381224.0,,84,,,
,,,1000542.0,,,BenchmarkMemoryComparison,,,,,,,63521476.0,102.2,,,,131.1,1.283,BenchmarkMemoryComparison/KeySize=64/Keys=8192-20,8192.0,64.0,,,,146326038.0,,8,,,
,,,4021591.0,,,BenchmarkMemoryComparison,,,,,,,256243832.0,101.4,,,,130.2,1.285,BenchmarkMemoryComparison/KeySize=64/Keys=32768-20,32768.0,64.0,,,,663967131.0,,2,,,
,,,35090086.0,,,BenchmarkMemoryComparison,,,,,,,2125743488.0,103.5,,,,135.7,1.311,BenchmarkMemoryComparison/KeySize=64/Keys=262144-20,262144.0,64.0,,,,6234383589.0,,1,,,
,,,3023.0,,,BenchmarkMemoryComparison,,,,,,,319928.0,226.2,,,,252.2,1.115,BenchmarkMemoryComparison/KeySize=128/Keys=32-20,32.0,128.0,,,,509591.0,,2136,,,
,,,25035.0,,,BenchmarkMemoryComparison,,,,,,,2214703.0,120.2,,,,159.8,1.329,BenchmarkMemoryComparison/KeySize=128/Keys=256-20,256.0,128.0,,,,3994663.0,,288,,,
,,,121054.0,,,BenchmarkMemoryComparison,,,,,,,8945042.0,109.4,,,,150.2,1.373,BenchmarkMemoryComparison/KeySize=128/Keys=1024-20,1024.0,128.0,,,,19037391.0,,74,,,
,,,1107085.0,,,BenchmarkMemoryComparison,,,,,,,67321492.0,105.3,,,,143.1,1.359,BenchmarkMemoryComparison/KeySize=128/Keys=8192-20,8192.0,128.0,,,,160374051.0,,8,,,
,,,4202473.0,,,BenchmarkMemoryComparison,,,,,,,269015568.0,107.0,,,,142.6,1.333,BenchmarkMemoryComparison/KeySize=128/Keys=32768-20,32768.0,128.0,,,,803226121.0,,2,,,
,,,164336713.0,,,BenchmarkMemoryComparison,,,,,,,3769599032.0,109.1,,,,148.3,1.359,BenchmarkMemoryComparison/KeySize=128/Keys=262144-20,262144.0,128.0,,,,14634721033.0,,1,,,
,,,3115.0,,,BenchmarkMemoryComparison,,,,,,,330896.0,235.2,,,,333.8,1.419,BenchmarkMemoryComparison/KeySize=256/Keys=32-20,32.0,256.0,,,,552370.0,,2433,,,
,,,26463.0,,,BenchmarkMemoryComparison,,,,,,,2566421.0,125.6,,,,234.6,1.868,BenchmarkMemoryComparison/KeySize=256/Keys=256-20,256.0,256.0,,,,4494503.0,,268,,,
,,,122479.0,,,BenchmarkMemoryComparison,,,,,,,10654805.0,116.4,,,,229.2,1.968,BenchmarkMemoryComparison/KeySize=256/Keys=1024-20,1024.0,256.0,,,,21640414.0,,91,,,
,,,1070129.0,,,BenchmarkMemoryComparison,,,,,,,86852581.0,113.6,,,,216.3,1.904,BenchmarkMemoryComparison/KeySize=256/Keys=8192-20,8192.0,256.0,,,,179127189.0,,7,,,
,,,4746586.0,,,BenchmarkMemoryComparison,,,,,,,354626316.0,113.0,,,,215.6,1.907,BenchmarkMemoryComparison/KeySize=256/Keys=32768-20,32768.0,256.0,,,,843868175.0,,2,,,
,,,393856078.0,,,BenchmarkMemoryComparison,,,,,,,6872621264.0,115.5,,,,225.7,1.955,BenchmarkMemoryComparison/KeySize=256/Keys=262144-20,262144.0,256.0,,,,31305227136.0,,1,,,
,,,3193.0,,,BenchmarkMemoryComparison,,,,,,,340952.0,249.2,,,,361.8,1.451,BenchmarkMemoryComparison/KeySize=512/Keys=32-20,32.0,512.0,,,,608432.0,,2032,,,
,,,26637.0,,,BenchmarkMemoryComparison,,,,,,,2655984.0,131.5,,,,257.1,1.955,BenchmarkMemoryComparison/KeySize=512/Keys=256-20,256.0,512.0,,,,4235468.0,,255,,,
,,,124575.0,,,BenchmarkMemoryComparison,,,,,,,11061588.0,123.6,,,,251.5,2.035,BenchmarkMemoryComparison/KeySize=512/Keys=1024-20,1024.0,512.0,,,,21491563.0,,58,,,
,,,1187685.0,,,BenchmarkMemoryComparison,,,,,,,91779405.0,121.0,,,,239.0,1.976,BenchmarkMemoryComparison/KeySize=512/Keys=8192-20,8192.0,512.0,,,,203202755.0,,6,,,
,,,7961955.0,,,BenchmarkMemoryComparison,,,,,,,409483016.0,120.0,,,,237.9,1.981,BenchmarkMemoryComparison/KeySize=512/Keys=32768-20,32768.0,512.0,,,,1086172202.0,,1,,,
,,,371423883.0,,,BenchmarkMemoryComparison,,,,,,,7209566000.0,122.7,,,,248.4,2.025,BenchmarkMemoryComparison/KeySize=512/Keys=262144-20,262144.0,512.0,,,,36294839641.0,,1,,,
,,,3049.0,,,BenchmarkMemoryComparison,,,,,,,353480.0,250.0,,,,380.2,1.521,BenchmarkMemoryComparison/KeySize=1024/Keys=32-20,32.0,1024.0,,,,757718.0,,2743,,,
,,,26553.0,,,BenchmarkMemoryComparison,,,,,,,2813024.0,140.3,,,,285.7,2.037,BenchmarkMemoryComparison/KeySize=1024/Keys=256-20,256.0,1024.0,,,,6371505.0,,170,,,
,,,125842.0,,,BenchmarkMemoryComparison,,,,,,,11852250.0,136.0,,,,279.4,2.055,BenchmarkMemoryComparison/KeySize=1024/Keys=1024-20,1024.0,1024.0,,,,26747784.0,,43,,,
,,,1189083.0,,,BenchmarkMemoryComparison,,,,,,,100865772.0,130.8,,,,264.4,2.021,BenchmarkMemoryComparison/KeySize=1024/Keys=8192-20,8192.0,1024.0,,,,243951345.0,,5,,,
,,,6053340.0,,,BenchmarkMemoryComparison,,,,,,,431103472.0,130.5,,,,264.0,2.023,BenchmarkMemoryComparison/KeySize=1024/Keys=32768-20,32768.0,1024.0,,,,1440886812.0,,1,,,
,,,375793307.0,,,BenchmarkMemoryComparison,,,,,,,8334842896.0,132.6,,,,274.0,2.066,BenchmarkMemoryComparison/KeySize=1024/Keys=262144-20,262144.0,1024.0,,,,48625142661.0,,1,,,
,,,3048.0,,,BenchmarkMemoryComparison,,,,,,,488647.0,344.5,,,,512.0,1.486,BenchmarkMemoryComparison/KeySize=4096/Keys=32-20,32.0,4096.0,,,,832144.0,,1632,,,
,,,27271.0,,,BenchmarkMemoryComparison,,,,,,,3983376.0,171.8,,,,347.4,2.023,BenchmarkMemoryComparison/KeySize=4096/Keys=256-20,256.0,4096.0,,,,8745558.0,,140,,,
,,,124727.0,,,BenchmarkMemoryComparison,,,,,,,16084913.0,176.4,,,,351.7,1.994,BenchmarkMemoryComparison/KeySize=4096/Keys=1024-20,1024.0,4096.0,,,,34075947.0,,38,,,
,,,1608700.0,,,BenchmarkMemoryComparison,,,,,,,157788916.0,173.7,,,,340.5,1.96,BenchmarkMemoryComparison/KeySize=4096/Keys=8192-20,8192.0,4096.0,,,,518907007.0,,2,,,
,,,23913283.0,,,BenchmarkMemoryComparison,,,,,,,1264137048.0,174.7,,,,339.4,1.943,BenchmarkMemoryComparison/KeySize=4096/Keys=32768-20,32768.0,4096.0,,,,3623165387.0,,1,,,
,,,304543089.0,,,BenchmarkMemoryComparison,,,,,,,13267454800.0,177.5,,,,350.2,1.973,BenchmarkMemoryComparison/KeySize=4096/Keys=262144-20,262144.0,4096.0,,,,51103798235.0,,1,,,
,,,1515.0,,,BenchmarkMemoryDetailed,,,,,,,122999.0,,,,,,,BenchmarkMemoryDetailed/Fast/Keys=32-20,32.0,,,,,219163.0,,4617,,,
,,,1528.0,,,BenchmarkMemoryDetailed,,,,,,,132366.0,,,,,,,BenchmarkMemoryDetailed/Compact/Keys=32-20,32.0,,,,,228883.0,,4910,,,
,,,12566.0,,,BenchmarkMemoryDetailed,,,,,,,951097.0,,,,,,,BenchmarkMemoryDetailed/Fast/Keys=256-20,256.0,,,,,1776047.0,,656,,,
,,,12586.0,,,BenchmarkMemoryDetailed,,,,,,,1012227.0,,,,,,,BenchmarkMemoryDetailed/Compact/Keys=256-20,256.0,,,,,1862636.0,,631,,,
,,,58560.0,,,BenchmarkMemoryDetailed,,,,,,,3830215.0,,,,,,,BenchmarkMemoryDetailed/Fast/Keys=1024-20,1024.0,,,,,8775576.0,,138,,,
,,,58589.0,,,BenchmarkMemoryDetailed,,,,,,,4058159.0,,,,,,,BenchmarkMemoryDetailed/Compact/Keys=1024-20,1024.0,,,,,9795788.0,,124,,,
,,,500268.0,,,BenchmarkMemoryDetailed,,,,,,,30906950.0,,,,,,,BenchmarkMemoryDetailed/Fast/Keys=8192-20,8192.0,,,,,75295537.0,,18,,,
,,,500319.0,,,BenchmarkMemoryDetailed,,,,,,,32665160.0,,,,,,,BenchmarkMemoryDetailed/Compact/Keys=8192-20,8192.0,,,,,80752215.0,,13,,,
,,,2011130.0,,,BenchmarkMemoryDetailed,,,,,,,125039208.0,,,,,,,BenchmarkMemoryDetailed/Fast/Keys=32768-20,32768.0,,,,,325694800.0,,4,,,
,,,2011313.0,,,BenchmarkMemoryDetailed,,,,,,,132171408.0,,,,,,,BenchmarkMemoryDetailed/Compact/Keys=32768-20,32768.0,,,,,338647563.0,,3,,,
,,,17558076.0,,,BenchmarkMemoryDetailed,,,,,,,1044912512.0,,,,,,,BenchmarkMemoryDetailed/Fast/Keys=262144-20,262144.0,,,,,3230307819.0,,1,,,
,,,17558135.0,,,BenchmarkMemoryDetailed,,,,,,,1102736640.0,,,,,,,BenchmarkMemoryDetailed/Compact/Keys=262144-20,262144.0,,,,,3087864877.0,,1,,,
,,,9.0,,,BenchmarkTrie_BitString_Insert-20,,,,,,,655.0,,,,,,,BenchmarkTrie_BitString_Insert-20,,,,,,2342.0,,1000000,,,
,,,0.0,,,Benchmark_BitMap_BitString_Insert-20,,,,,,,166.0,,,,,,,Benchmark_BitMap_BitString_Insert-20,,,,,,206.1,,5648770,,,
,,,26.0,,,Benchmark_iradix_BitString_Insert-20,,,,,,,10750.0,,,,,,,Benchmark_iradix_BitString_Insert-20,,,,,,4632.0,,252381,,,
,,,0.0,,,BenchmarkTrie_BitString_Contains_Hit_100k-20,,,,,,,0.0,,,,,,,BenchmarkTrie_BitString_Contains_Hit_100k-20,,,,,,29.97,,41396566,,,
,,,0.0,,,Benchmark_StdMap_BitString_Contains_Hit_100k-20,,,,,,,0.0,,,,,,,Benchmark_StdMap_BitString_Contains_Hit_100k-20,,,,,,15.85,,85216806,,,
,,,0.0,,,Benchmark_iradix_BitString_Contains_Hit_100k-20,,,,,,,0.0,,,,,,,Benchmark_iradix_BitString_Contains_Hit_100k-20,,,,,,65.27,,16187155,,,
,,,5.0,,,BenchmarkTrie_BitString_Contains_Miss_100k-20,,,,,,,41.0,,,,,,,BenchmarkTrie_BitString_Contains_Miss_100k-20,,,,,,1171.0,,1000000,,,
,,,0.0,,,Benchmark_StdMap_BitString_Contains_Miss_100k-20,,,,,,,0.0,,,,,,,Benchmark_StdMap_BitString_Contains_Miss_100k-20,,,,,,41.35,,32680869,,,
,,,0.0,,,Benchmark_iradix_BitString_Contains_Miss_100k-20,,,,,,,0.0,,,,,,,Benchmark_iradix_BitString_Contains_Miss_100k-20,,,,,,341.0,,2994571,,,
,,,2.0,,,BenchmarkTrie_BitString_Erase_Hit_100k-20,,,,,,,22.0,,,,,,,BenchmarkTrie_BitString_Erase_Hit_100k-20,,,,,,2215.0,,689121,,,
,,,12.0,,,BenchmarkTrie_BitString_Insert_Erase_100k-20,,,,,,,208.0,,,,,,,BenchmarkTrie_BitString_Insert_Erase_100k-20,,,,,,1244.0,,1356663,,,
,,,0.0,,,Benchmark_StdMap_BitString_Insert_Erase_100k-20,,,,,,,0.0,,,,,,,Benchmark_StdMap_BitString_Insert_Erase_100k-20,,,,,,77.04,,17212924,,,
,,,53.0,,,Benchmark_iradix_BitString_Insert_Erase_100k-20,,,,,,,20851.0,,,,,,,Benchmark_iradix_BitString_Insert_Erase_100k-20,,,,,,8724.0,,159351,,,
,,,5195.0,,,BenchmarkMemory,214.9,,,,,,1477803.0,,,,,,,BenchmarkMemory/HZFT/L=64/N=1024-20,,,64.0,,1024.0,2226494.0,,516,,,
,,,5223.0,,,BenchmarkMemory,38.18,,,,,,1687227.0,,,,,,,BenchmarkMemory/SHZFT/L=64/N=1024-20,,,64.0,,1024.0,2748115.0,,416,,,
,,,37142.0,,,BenchmarkMemory,196.3,,,,,,11836940.0,,,,,,,BenchmarkMemory/HZFT/L=64/N=8192-20,,,64.0,,8192.0,21669384.0,,61,,,
,,,37187.0,,,BenchmarkMemory,35.6,,,,,,13456872.0,,,,,,,BenchmarkMemory/SHZFT/L=64/N=8192-20,,,64.0,,8192.0,25954912.0,,49,,,
,,,147653.0,,,BenchmarkMemory,195.4,,,,,,48325056.0,,,,,,,BenchmarkMemory/HZFT/L=64/N=32768-20,,,64.0,,32768.0,107644054.0,,10,,,
,,,147713.0,,,BenchmarkMemory,35.19,,,,,,54806582.0,,,,,,,BenchmarkMemory/SHZFT/L=64/N=32768-20,,,64.0,,32768.0,115864799.0,,9,,,
,,,1308659.0,,,BenchmarkMemory,212.9,,,,,,413217984.0,,,,,,,BenchmarkMemory/HZFT/L=64/N=262144-20,,,64.0,,262144.0,1016282092.0,,1,,,
,,,1308743.0,,,BenchmarkMemory,37.61,,,,,,466373464.0,,,,,,,BenchmarkMemory/SHZFT/L=64/N=262144-20,,,64.0,,262144.0,1226988738.0,,1,,,
,,,5231.0,,,BenchmarkMemory,251.2,,,,,,1937959.0,,,,,,,BenchmarkMemory/HZFT/L=128/N=1024-20,,,128.0,,1024.0,3193115.0,,375,,,
,,,5260.0,,,BenchmarkMemory,42.93,,,,,,2205846.0,,,,,,,BenchmarkMemory/SHZFT/L=128/N=1024-20,,,128.0,,1024.0,3553785.0,,386,,,
,,,37131.0,,,BenchmarkMemory,232.0,,,,,,12942491.0,,,,,,,BenchmarkMemory/HZFT/L=128/N=8192-20,,,128.0,,8192.0,23240407.0,,49,,,
,,,37178.0,,,BenchmarkMemory,38.4,,,,,,14667941.0,,,,,,,BenchmarkMemory/SHZFT/L=128/N=8192-20,,,128.0,,8192.0,28583134.0,,50,,,
,,,147311.0,,,BenchmarkMemory,230.7,,,,,,52712909.0,,,,,,,BenchmarkMemory/HZFT/L=128/N=32768-20,,,128.0,,32768.0,115796574.0,,9,,,
,,,147376.0,,,BenchmarkMemory,39.99,,,,,,59572313.0,,,,,,,BenchmarkMemory/SHZFT/L=128/N=32768-20,,,128.0,,32768.0,133986675.0,,10,,,
,,,1311785.0,,,BenchmarkMemory,248.5,,,,,,549362320.0,,,,,,,BenchmarkMemory/HZFT/L=128/N=262144-20,,,128.0,,262144.0,1336549165.0,,1,,,
,,,1311880.0,,,BenchmarkMemory,42.26,,,,,,619364728.0,,,,,,,BenchmarkMemory/SHZFT/L=128/N=262144-20,,,128.0,,262144.0,1509558667.0,,1,,,
,,,5302.0,,,BenchmarkMemory,288.9,,,,,,2618765.0,,,,,,,BenchmarkMemory/HZFT/L=256/N=1024-20,,,256.0,,1024.0,3322865.0,,327,,,
,,,5333.0,,,BenchmarkMemory,47.69,,,,,,2987439.0,,,,,,,BenchmarkMemory/SHZFT/L=256/N=1024-20,,,256.0,,1024.0,3368755.0,,343,,,
,,,37263.0,,,BenchmarkMemory,267.2,,,,,,21274323.0,,,,,,,BenchmarkMemory/HZFT/L=256/N=8192-20,,,256.0,,8192.0,29127521.0,,43,,,
,,,37312.0,,,BenchmarkMemory,44.9,,,,,,24086014.0,,,,,,,BenchmarkMemory/SHZFT/L=256/N=8192-20,,,256.0,,8192.0,33448137.0,,37,,,
,,,148363.0,,,BenchmarkMemory,266.6,,,,,,86022641.0,,,,,,,BenchmarkMemory/HZFT/L=256/N=32768-20,,,256.0,,32768.0,144054745.0,,9,,,
,,,148421.0,,,BenchmarkMemory,44.63,,,,,,97035097.0,,,,,,,BenchmarkMemory/SHZFT/L=256/N=32768-20,,,256.0,,32768.0,157483557.0,,7,,,
,,,1317452.0,,,BenchmarkMemory,284.3,,,,,,695415776.0,,,,,,,BenchmarkMemory/HZFT/L=256/N=262144-20,,,256.0,,262144.0,1784843095.0,,1,,,
,,,1317545.0,,,BenchmarkMemory,46.7,,,,,,787222304.0,,,,,,,BenchmarkMemory/SHZFT/L=256/N=262144-20,,,256.0,,262144.0,1886853743.0,,1,,,
,,,5282.0,,,BenchmarkMemory,324.0,,,,,,2652763.0,,,,,,,BenchmarkMemory/HZFT/L=512/N=1024-20,,,512.0,,1024.0,3535193.0,,345,,,
,,,5314.0,,,BenchmarkMemory,51.88,,,,,,3029891.0,,,,,,,BenchmarkMemory/SHZFT/L=512/N=1024-20,,,512.0,,1024.0,4165317.0,,278,,,
,,,37210.0,,,BenchmarkMemory,302.6,,,,,,21774702.0,,,,,,,BenchmarkMemory/HZFT/L=512/N=8192-20,,,512.0,,8192.0,32953700.0,,45,,,
,,,37260.0,,,BenchmarkMemory,49.05,,,,,,24678188.0,,,,,,,BenchmarkMemory/SHZFT/L=512/N=8192-20,,,512.0,,8192.0,33317199.0,,43,,,
,,,148023.0,,,BenchmarkMemory,301.8,,,,,,87956074.0,,,,,,,BenchmarkMemory/HZFT/L=512/N=32768-20,,,512.0,,32768.0,143168521.0,,7,,,
,,,148089.0,,,BenchmarkMemory,48.79,,,,,,99567514.0,,,,,,,BenchmarkMemory/SHZFT/L=512/N=32768-20,,,512.0,,32768.0,190287632.0,,7,,,
,,,1316752.0,,,BenchmarkMemory,320.0,,,,,,739772104.0,,,,,,,BenchmarkMemory/HZFT/L=512/N=262144-20,,,512.0,,262144.0,1961435819.0,,1,,,
,,,1316846.0,,,BenchmarkMemory,50.88,,,,,,833929784.0,,,,,,,BenchmarkMemory/SHZFT/L=512/N=262144-20,,,512.0,,262144.0,2380478706.0,,1,,,
,,,5266.0,,,BenchmarkMemory,358.2,,,,,,2693613.0,,,,,,,BenchmarkMemory/HZFT/L=1024/N=1024-20,,,1024.0,,1024.0,3809563.0,,318,,,
,,,5299.0,,,BenchmarkMemory,54.69,,,,,,3080376.0,,,,,,,BenchmarkMemory/SHZFT/L=1024/N=1024-20,,,1024.0,,1024.0,4072855.0,,261,,,
,,,37205.0,,,BenchmarkMemory,338.2,,,,,,23257697.0,,,,,,,BenchmarkMemory/HZFT/L=1024/N=8192-20,,,1024.0,,8192.0,32060771.0,,45,,,
,,,37255.0,,,BenchmarkMemory,53.1,,,,,,26235031.0,,,,,,,BenchmarkMemory/SHZFT/L=1024/N=8192-20,,,1024.0,,8192.0,36423206.0,,30,,,
,,,148294.0,,,BenchmarkMemory,337.8,,,,,,93805905.0,,,,,,,BenchmarkMemory/HZFT/L=1024/N=32768-20,,,1024.0,,32768.0,166105146.0,,7,,,
,,,148360.0,,,BenchmarkMemory,52.9,,,,,,105712364.0,,,,,,,BenchmarkMemory/SHZFT/L=1024/N=32768-20,,,1024.0,,32768.0,189288230.0,,6,,,
,,,1316379.0,,,BenchmarkMemory,355.6,,,,,,749440968.0,,,,,,,BenchmarkMemory/HZFT/L=1024/N=262144-20,,,1024.0,,262144.0,2094136854.0,,1,,,
,,,1316473.0,,,BenchmarkMemory,54.95,,,,,,845957880.0,,,,,,,BenchmarkMemory/SHZFT/L=1024/N=262144-20,,,1024.0,,262144.0,3129524427.0,,1,,,
,,,5296.0,,,BenchmarkMemory,431.1,,,,,,2941664.0,,,,,,,BenchmarkMemory/HZFT/L=4096/N=1024-20,,,4096.0,,1024.0,5763074.0,,226,,,
,,,5329.0,,,BenchmarkMemory,63.38,,,,,,3347493.0,,,,,,,BenchmarkMemory/SHZFT/L=4096/N=1024-20,,,4096.0,,1024.0,5035629.0,,216,,,
,,,37152.0,,,BenchmarkMemory,409.3,,,,,,23862927.0,,,,,,,BenchmarkMemory/HZFT/L=4096/N=8192-20,,,4096.0,,8192.0,54324366.0,,24,,,
,,,37204.0,,,BenchmarkMemory,59.13,,,,,,26988038.0,,,,,,,BenchmarkMemory/SHZFT/L=4096/N=8192-20,,,4096.0,,8192.0,69525604.0,,16,,,
,,,148006.0,,,BenchmarkMemory,408.9,,,,,,102014498.0,,,,,,,BenchmarkMemory/HZFT/L=4096/N=32768-20,,,4096.0,,32768.0,380831982.0,,4,,,
,,,148074.0,,,BenchmarkMemory,61.0,,,,,,114518866.0,,,,,,,BenchmarkMemory/SHZFT/L=4096/N=32768-20,,,4096.0,,32768.0,305577407.0,,4,,,
,,,10.0,,,BenchmarkZFastTrie_Insert_Text-20,,,,,,,736.0,,,,,,,BenchmarkZFastTrie_Insert_Text-20,,,,,,3180.0,,1000000,,,
,,,22866.0,,,BenchmarkCompressedTrie_Build_Text-20,,,,,,,6479027.0,,,,,,,BenchmarkCompressedTrie_Build_Text-20,,,,,,6629043.0,,172,,,
,,,1.0,,,BenchmarkZFastTrie_Lookup_Hit_1K-20,,,,,,,23.0,,,,,,,BenchmarkZFastTrie_Lookup_Hit_1K-20,,,,,,114.5,,9285036,,,
,,,9.0,,,BenchmarkCompressedTrie_Lookup_Hit_1K-20,,,,,,,38.0,,,,,,,BenchmarkCompressedTrie_Lookup_Hit_1K-20,,,,,,58517.0,,36948,,,
,,,1.0,,,BenchmarkZFastTrie_Lookup_Hit_10K-20,,,,,,,23.0,,,,,,,BenchmarkZFastTrie_Lookup_Hit_10K-20,,,,,,123.2,,12495582,,,
,,,9.0,,,BenchmarkCompressedTrie_Lookup_Hit_10K-20,,,,,,,38.0,,,,,,,BenchmarkCompressedTrie_Lookup_Hit_10K-20,,,,,,87331.0,,15976,,,
,,,1.0,,,BenchmarkZFastTrie_Lookup_Hit_100K-20,,,,,,,23.0,,,,,,,BenchmarkZFastTrie_Lookup_Hit_100K-20,,,,,,124.1,,10372027,,,
,,,9.0,,,BenchmarkCompressedTrie_Lookup_Hit_100K-20,,,,,,,38.0,,,,,,,BenchmarkCompressedTrie_Lookup_Hit_100K-20,,,,,,59539.0,,27170,,,
,,,7.0,,,BenchmarkZFastTrie_Lookup_Miss_1K-20,,,,,,,72.0,,,,,,,BenchmarkZFastTrie_Lookup_Miss_1K-20,,,,,,458.8,,2230008,,,
,,,8.0,,,BenchmarkCompressedTrie_Lookup_Miss_1K-20,,,,,,,32.0,,,,,,,BenchmarkCompressedTrie_Lookup_Miss_1K-20,,,,,,45090.0,,36199,,,
,,,7.0,,,BenchmarkZFastTrie_Lookup_Miss_100K-20,,,,,,,72.0,,,,,,,BenchmarkZFastTrie_Lookup_Miss_100K-20,,,,,,719.6,,2445494,,,
,,,8.0,,,BenchmarkCompressedTrie_Lookup_Miss_100K-20,,,,,,,32.0,,,,,,,BenchmarkCompressedTrie_Lookup_Miss_100K-20,,,,,,100754.0,,10000,,,
,,,5.0,,,BenchmarkZFastTrie_PrefixSearch_1K-20,,,,,,,56.0,,,,,,,BenchmarkZFastTrie_PrefixSearch_1K-20,,,,,,492.7,,2290072,,,
,,,969.0,,,BenchmarkZFastTrie_MemoryUsage_Build,,,,,,,47092.0,,,,,,,BenchmarkZFastTrie_MemoryUsage_Build/Size_100-20,,,,,,486378.0,,2438,,,
,,,10044.0,,,BenchmarkZFastTrie_MemoryUsage_Build,,,,,,,670309.0,,,,,,,BenchmarkZFastTrie_MemoryUsage_Build/Size_1000-20,,,,,,2346740.0,,576,,,
,,,99156.0,,,BenchmarkZFastTrie_MemoryUsage_Build,,,,,,,5949165.0,,,,,,,BenchmarkZFastTrie_MemoryUsage_Build/Size_10000-20,,,,,,17367832.0,,62,,,
,,,2651.0,,,BenchmarkCompressedTrie_MemoryUsage_Build,,,,,,,593292.0,,,,,,,BenchmarkCompressedTrie_MemoryUsage_Build/Size_100-20,,,,,,930500.0,,1431,,,
,,,22895.0,,,BenchmarkCompressedTrie_MemoryUsage_Build,,,,,,,6799413.0,,,,,,,BenchmarkCompressedTrie_MemoryUsage_Build/Size_1000-20,,,,,,10049331.0,,100,,,
,,,206103.0,,,BenchmarkCompressedTrie_MemoryUsage_Build,,,,,,,60337379.0,,,,,,,BenchmarkCompressedTrie_MemoryUsage_Build/Size_10000-20,,,,,,74970636.0,,15,,,
,,,0.0,,,BenchmarkTrie_ByStrLen_Insert,,,,,,,0.0,,,,,,,BenchmarkTrie_ByStrLen_Insert/Len8-20,,,,,,181.5,,16115860,,,
,,,0.0,,,BenchmarkTrie_ByStrLen_Insert,,,,,,,4.0,,,,,,,BenchmarkTrie_ByStrLen_Insert/Len16-20,,,,,,129.1,,8585191,,,
,,,8.0,,,BenchmarkTrie_ByStrLen_Insert,,,,,,,576.0,,,,,,,BenchmarkTrie_ByStrLen_Insert/Len32-20,,,,,,1806.0,,590281,,,
,,,9.0,,,BenchmarkTrie_ByStrLen_Insert,,,,,,,654.0,,,,,,,BenchmarkTrie_ByStrLen_Insert/Len64-20,,,,,,2055.0,,1000000,,,
,,,9.0,,,BenchmarkTrie_ByStrLen_Insert,,,,,,,466.0,,,,,,,BenchmarkTrie_ByStrLen_Insert/Len128-20,,,,,,2411.0,,862740,,,
,,,9.0,,,BenchmarkTrie_ByStrLen_Insert,,,,,,,555.0,,,,,,,BenchmarkTrie_ByStrLen_Insert/Len256-20,,,,,,3332.0,,635006,,,
,,,9.0,,,BenchmarkTrie_ByStrLen_Insert,,,,,,,657.0,,,,,,,BenchmarkTrie_ByStrLen_Insert/Len512-20,,,,,,3092.0,,495472,,,
,,,9.0,,,BenchmarkTrie_ByStrLen_Insert,,,,,,,516.0,,,,,,,BenchmarkTrie_ByStrLen_Insert/Len1024-20,,,,,,2510.0,,711291,,,
,,,9.0,,,BenchmarkTrie_ByStrLen_Insert,,,,,,,526.0,,,,,,,BenchmarkTrie_ByStrLen_Insert/Len2048-20,,,,,,2829.0,,689080,,,
,,,9.0,,,BenchmarkTrie_ByStrLen_Insert,,,,,,,561.0,,,,,,,BenchmarkTrie_ByStrLen_Insert/Len4096-20,,,,,,2819.0,,624894,,,
,,,9.0,,,BenchmarkTrie_ByStrLen_Insert,,,,,,,514.0,,,,,,,BenchmarkTrie_ByStrLen_Insert/Len8192-20,,,,,,3711.0,,449259,,,
,,,9.0,,,BenchmarkTrie_ByStrLen_Insert,,,,,,,602.0,,,,,,,BenchmarkTrie_ByStrLen_Insert/Len16384-20,,,,,,5637.0,,282303,,,
,,,0.0,,,BenchmarkTrie_ByStrLen_GetExitNode_Hit,,,,,,,0.0,,,,,,,BenchmarkTrie_ByStrLen_GetExitNode_Hit/Len8-20,,,,,,41.7,,42065198,,,
,,,0.0,,,BenchmarkTrie_ByStrLen_GetExitNode_Hit,,,,,,,0.0,,,,,,,BenchmarkTrie_ByStrLen_GetExitNode_Hit/Len16-20,,,,,,75.95,,27496699,,,
,,,0.0,,,BenchmarkTrie_ByStrLen_GetExitNode_Hit,,,,,,,0.0,,,,,,,BenchmarkTrie_ByStrLen_GetExitNode_Hit/Len32-20,,,,,,67.93,,40034748,,,
,,,0.0,,,BenchmarkTrie_ByStrLen_GetExitNode_Hit,,,,,,,0.0,,,,,,,BenchmarkTrie_ByStrLen_GetExitNode_Hit/Len64-20,,,,,,41.94,,27129897,,,
,,,0.0,,,BenchmarkTrie_ByStrLen_GetExitNode_Hit,,,,,,,0.0,,,,,,,BenchmarkTrie_ByStrLen_GetExitNode_Hit/Len128-20,,,,,,71.0,,31123520,,,
,,,0.0,,,BenchmarkTrie_ByStrLen_GetExitNode_Hit,,,,,,,0.0,,,,,,,BenchmarkTrie_ByStrLen_GetExitNode_Hit/Len256-20,,,,,,57.48,,23830094,,,
,,,0.0,,,BenchmarkTrie_ByStrLen_GetExitNode_Hit,,,,,,,0.0,,,,,,,BenchmarkTrie_ByStrLen_GetExitNode_Hit/Len512-20,,,,,,73.75,,17724124,,,
,,,0.0,,,BenchmarkTrie_ByStrLen_GetExitNode_Hit,,,,,,,0.0,,,,,,,BenchmarkTrie_ByStrLen_GetExitNode_Hit/Len1024-20,,,,,,182.1,,8563786,,,
,,,0.0,,,BenchmarkTrie_ByStrLen_GetExitNode_Hit,,,,,,,0.0,,,,,,,BenchmarkTrie_ByStrLen_GetExitNode_Hit/Len2048-20,,,,,,254.6,,4342368,,,
,,,0.0,,,BenchmarkTrie_ByStrLen_GetExitNode_Hit,,,,,,,0.0,,,,,,,BenchmarkTrie_ByStrLen_GetExitNode_Hit/Len4096-20,,,,,,347.8,,4063089,,,
,,,0.0,,,BenchmarkTrie_ByStrLen_GetExitNode_Hit,,,,,,,0.0,,,,,,,BenchmarkTrie_ByStrLen_GetExitNode_Hit/Len8192-20,,,,,,610.7,,2202028,,,
,,,0.0,,,BenchmarkTrie_ByStrLen_GetExitNode_Hit,,,,,,,0.0,,,,,,,BenchmarkTrie_ByStrLen_GetExitNode_Hit/Len16384-20,,,,,,1727.0,,621104,,,
,,,0.0,,,BenchmarkTrie_ByStrLen_GetExitNode_Miss,,,,,,,0.0,,,,,,,BenchmarkTrie_ByStrLen_GetExitNode_Miss/Len8-20,,,,,,90.21,,16075549,,,
,,,0.0,,,BenchmarkTrie_ByStrLen_GetExitNode_Miss,,,,,,,6.0,,,,,,,BenchmarkTrie_ByStrLen_GetExitNode_Miss/Len16-20,,,,,,163.3,,6517032,,,
,,,4.0,,,BenchmarkTrie_ByStrLen_GetExitNode_Miss,,,,,,,38.0,,,,,,,BenchmarkTrie_ByStrLen_GetExitNode_Miss/Len32-20,,,,,,780.4,,1886420,,,
,,,5.0,,,BenchmarkTrie_ByStrLen_GetExitNode_Miss,,,,,,,46.0,,,,,,,BenchmarkTrie_ByStrLen_GetExitNode_Miss/Len64-20,,,,,,1372.0,,1260949,,,
,,,5.0,,,BenchmarkTrie_ByStrLen_GetExitNode_Miss,,,,,,,45.0,,,,,,,BenchmarkTrie_ByStrLen_GetExitNode_Miss/Len128-20,,,,,,1107.0,,1035140,,,
,,,5.0,,,BenchmarkTrie_ByStrLen_GetExitNode_Miss,,,,,,,45.0,,,,,,,BenchmarkTrie_ByStrLen_GetExitNode_Miss/Len256-20,,,,,,1064.0,,999357,,,
,,,5.0,,,BenchmarkTrie_ByStrLen_GetExitNode_Miss,,,,,,,45.0,,,,,,,BenchmarkTrie_ByStrLen_GetExitNode_Miss/Len512-20,,,,,,1017.0,,1036527,,,
,,,5.0,,,BenchmarkTrie_ByStrLen_GetExitNode_Miss,,,,,,,45.0,,,,,,,BenchmarkTrie_ByStrLen_GetExitNode_Miss/Len1024-20,,,,,,1463.0,,964305,,,
,,,5.0,,,BenchmarkTrie_ByStrLen_GetExitNode_Miss,,,,,,,45.0,,,,,,,BenchmarkTrie_ByStrLen_GetExitNode_Miss/Len2048-20,,,,,,1880.0,,550470,,,
,,,5.0,,,BenchmarkTrie_ByStrLen_GetExitNode_Miss,,,,,,,45.0,,,,,,,BenchmarkTrie_ByStrLen_GetExitNode_Miss/Len4096-20,,,,,,2030.0,,559826,,,
,,,5.0,,,BenchmarkTrie_ByStrLen_GetExitNode_Miss,,,,,,,45.0,,,,,,,BenchmarkTrie_ByStrLen_GetExitNode_Miss/Len8192-20,,,,,,2035.0,,570168,,,
,,,5.0,,,BenchmarkTrie_ByStrLen_GetExitNode_Miss,,,,,,,45.0,,,,,,,BenchmarkTrie_ByStrLen_GetExitNode_Miss/Len16384-20,,,,,,3228.0,,438532,,,
,,,5.0,,,BenchmarkQuery,,,,,,,45.0,,,,,,,BenchmarkQuery/HZFT/Query/L=64/N=1024-20,,,64.0,,1024.0,534.9,,2130429,,,
,,,5.0,,,BenchmarkQuery,,,,,,,45.0,,,,,,,BenchmarkQuery/SHZFT/Query/L=64/N=1024-20,,,64.0,,1024.0,924.8,,1248724,,,
,,,5.0,,,BenchmarkQuery,,,,,,,45.0,,,,,,,BenchmarkQuery/HZFT/Query/L=64/N=8192-20,,,64.0,,8192.0,657.0,,2001294,,,
,,,5.0,,,BenchmarkQuery,,,,,,,45.0,,,,,,,BenchmarkQuery/SHZFT/Query/L=64/N=8192-20,,,64.0,,8192.0,1080.0,,1000000,,,
,,,5.0,,,BenchmarkQuery,,,,,,,45.0,,,,,,,BenchmarkQuery/HZFT/Query/L=64/N=32768-20,,,64.0,,32768.0,728.4,,1528359,,,
,,,5.0,,,BenchmarkQuery,,,,,,,45.0,,,,,,,BenchmarkQuery/SHZFT/Query/L=64/N=32768-20,,,64.0,,32768.0,1124.0,,1076043,,,
,,,5.0,,,BenchmarkQuery,,,,,,,45.0,,,,,,,BenchmarkQuery/HZFT/Query/L=64/N=262144-20,,,64.0,,262144.0,1567.0,,1000000,,,
,,,5.0,,,BenchmarkQuery,,,,,,,45.0,,,,,,,BenchmarkQuery/SHZFT/Query/L=64/N=262144-20,,,64.0,,262144.0,1555.0,,945746,,,
,,,5.0,,,BenchmarkQuery,,,,,,,46.0,,,,,,,BenchmarkQuery/HZFT/Query/L=256/N=1024-20,,,256.0,,1024.0,568.9,,1995190,,,
,,,5.0,,,BenchmarkQuery,,,,,,,46.0,,,,,,,BenchmarkQuery/SHZFT/Query/L=256/N=1024-20,,,256.0,,1024.0,1440.0,,1000000,,,
,,,5.0,,,BenchmarkQuery,,,,,,,45.0,,,,,,,BenchmarkQuery/HZFT/Query/L=256/N=8192-20,,,256.0,,8192.0,794.4,,1618086,,,
,,,5.0,,,BenchmarkQuery,,,,,,,45.0,,,,,,,BenchmarkQuery/SHZFT/Query/L=256/N=8192-20,,,256.0,,8192.0,2339.0,,615468,,,
,,,5.0,,,BenchmarkQuery,,,,,,,45.0,,,,,,,BenchmarkQuery/HZFT/Query/L=256/N=32768-20,,,256.0,,32768.0,999.6,,1248279,,,
,,,5.0,,,BenchmarkQuery,,,,,,,45.0,,,,,,,BenchmarkQuery/SHZFT/Query/L=256/N=32768-20,,,256.0,,32768.0,1880.0,,632108,,,
,,,5.0,,,BenchmarkQuery,,,,,,,45.0,,,,,,,BenchmarkQuery/HZFT/Query/L=256/N=262144-20,,,256.0,,262144.0,1535.0,,793342,,,
,,,5.0,,,BenchmarkQuery,,,,,,,45.0,,,,,,,BenchmarkQuery/SHZFT/Query/L=256/N=262144-20,,,256.0,,262144.0,2937.0,,384297,,,
,,,5.0,,,BenchmarkQuery,,,,,,,45.0,,,,,,,BenchmarkQuery/HZFT/Query/L=1024/N=1024-20,,,1024.0,,1024.0,731.8,,1455415,,,
,,,5.0,,,BenchmarkQuery,,,,,,,45.0,,,,,,,BenchmarkQuery/SHZFT/Query/L=1024/N=1024-20,,,1024.0,,1024.0,2888.0,,549568,,,
,,,5.0,,,BenchmarkQuery,,,,,,,45.0,,,,,,,BenchmarkQuery/HZFT/Query/L=1024/N=8192-20,,,1024.0,,8192.0,999.1,,1385284,,,
,,,5.0,,,BenchmarkQuery,,,,,,,45.0,,,,,,,BenchmarkQuery/SHZFT/Query/L=1024/N=8192-20,,,1024.0,,8192.0,2329.0,,549752,,,
,,,5.0,,,BenchmarkQuery,,,,,,,45.0,,,,,,,BenchmarkQuery/HZFT/Query/L=1024/N=32768-20,,,1024.0,,32768.0,1248.0,,1083468,,,
,,,5.0,,,BenchmarkQuery,,,,,,,45.0,,,,,,,BenchmarkQuery/SHZFT/Query/L=1024/N=32768-20,,,1024.0,,32768.0,3214.0,,314631,,,
,,,5.0,,,BenchmarkQuery,,,,,,,45.0,,,,,,,BenchmarkQuery/HZFT/Query/L=1024/N=262144-20,,,1024.0,,262144.0,2065.0,,545676,,,
,,,5.0,,,BenchmarkQuery,,,,,,,45.0,,,,,,,BenchmarkQuery/SHZFT/Query/L=1024/N=262144-20,,,1024.0,,262144.0,4652.0,,368546,,,
,,,5.0,,,BenchmarkQuery,,,,,,,45.0,,,,,,,BenchmarkQuery/HZFT/Query/L=4096/N=1024-20,,,4096.0,,1024.0,1363.0,,1461763,,,
,,,5.0,,,BenchmarkQuery,,,,,,,45.0,,,,,,,BenchmarkQuery/SHZFT/Query/L=4096/N=1024-20,,,4096.0,,1024.0,3013.0,,505911,,,
,,,5.0,,,BenchmarkQuery,,,,,,,45.0,,,,,,,BenchmarkQuery/HZFT/Query/L=4096/N=8192-20,,,4096.0,,8192.0,1400.0,,1013563,,,
,,,5.0,,,BenchmarkQuery,,,,,,,45.0,,,,,,,BenchmarkQuery/SHZFT/Query/L=4096/N=8192-20,,,4096.0,,8192.0,3620.0,,324048,,,
,,,5.0,,,BenchmarkQuery,,,,,,,45.0,,,,,,,BenchmarkQuery/HZFT/Query/L=4096/N=32768-20,,,4096.0,,32768.0,1686.0,,757498,,,
,,,5.0,,,BenchmarkQuery,,,,,,,45.0,,,,,,,BenchmarkQuery/SHZFT/Query/L=4096/N=32768-20,,,4096.0,,32768.0,4655.0,,241760,,,
,,,69848.0,,,BenchmarkMemoryAlloc_AZFT_Heavy-20,,,,,,,2680094.0,,,,,,,BenchmarkMemoryAlloc_AZFT_Heavy-20,,,,,,5378249.0,,242,,,
,,,69848.0,,,BenchmarkMemoryAlloc_AZFT_Streaming-20,,,,,,,2680128.0,,,,,,,BenchmarkMemoryAlloc_AZFT_Streaming-20,,,,,,5525459.0,,231,,,
,,,224.0,,1.0,BenchmarkMonotoneHashWithTrieBuild,,40.25,,,,161.0,9144.0,,,,,,,BenchmarkMonotoneHashWithTrieBuild/Keys=32-20,32.0,,,1.0,,30775.0,,36553,,,
,,,1579.0,,1.0,BenchmarkMonotoneHashWithTrieBuild,,15.28,,,,489.0,24136.0,,,,,,,BenchmarkMonotoneHashWithTrieBuild/Keys=256-20,256.0,,,1.0,,108982.0,,10000,,,
,,,6944.0,,1.0,BenchmarkMonotoneHashWithTrieBuild,,14.34,,,,1836.0,82800.0,,,,,,,BenchmarkMonotoneHashWithTrieBuild/Keys=1024-20,1024.0,,,1.0,,459240.0,,2594,,,
,,,70847.0,,1.0,BenchmarkMonotoneHashWithTrieBuild,,14.5,,,,14848.0,764049.0,,,,,,,BenchmarkMonotoneHashWithTrieBuild/Keys=8192-20,8192.0,,,1.0,,7127918.0,,165,,,
,,,319674.0,,1.0,BenchmarkMonotoneHashWithTrieBuild,,14.37,,,,58840.0,3335688.0,,,,,,,BenchmarkMonotoneHashWithTrieBuild/Keys=32768-20,32768.0,,,1.0,,29150908.0,,56,,,
,,,2668087.0,,1.0,BenchmarkMonotoneHashWithTrieBuild,,14.3,,,,468696.0,27614451.0,,,,,,,BenchmarkMonotoneHashWithTrieBuild/Keys=262144-20,262144.0,,,1.0,,244162200.0,,5,,,
,,,11476012.0,,1.0,BenchmarkMonotoneHashWithTrieBuild,,14.29,,,,1873112.0,116938884.0,,,,,,,BenchmarkMonotoneHashWithTrieBuild/Keys=1048576-20,1048576.0,,,1.0,,977356595.0,,2,,,
,,,93009423.0,,1.0,BenchmarkMonotoneHashWithTrieBuild,,14.3,,,,14991000.0,948057672.0,,,,,,,BenchmarkMonotoneHashWithTrieBuild/Keys=8388608-20,8388608.0,,,1.0,,9335669009.0,,1,,,
,,,5.0,,,BenchmarkMonotoneHashWithTrieLookup,,,,,,,46.0,,,,,,,BenchmarkMonotoneHashWithTrieLookup/Keys=32-20,32.0,,,,,291.6,,4643774,,,
,,,5.0,,,BenchmarkMonotoneHashWithTrieLookup,,,,,,,47.0,,,,,,,BenchmarkMonotoneHashWithTrieLookup/Keys=256-20,256.0,,,,,271.7,,4138518,,,
,,,6.0,,,BenchmarkMonotoneHashWithTrieLookup,,,,,,,53.0,,,,,,,BenchmarkMonotoneHashWithTrieLookup/Keys=1024-20,1024.0,,,,,355.5,,3480127,,,
,,,8.0,,,BenchmarkMonotoneHashWithTrieLookup,,,,,,,67.0,,,,,,,BenchmarkMonotoneHashWithTrieLookup/Keys=8192-20,8192.0,,,,,733.5,,1799996,,,
,,,9.0,,,BenchmarkMonotoneHashWithTrieLookup,,,,,,,76.0,,,,,,,BenchmarkMonotoneHashWithTrieLookup/Keys=32768-20,32768.0,,,,,745.6,,1548282,,,
,,,10.0,,,BenchmarkMonotoneHashWithTrieLookup,,,,,,,80.0,,,,,,,BenchmarkMonotoneHashWithTrieLookup/Keys=262144-20,262144.0,,,,,764.9,,1545420,,,
,,,10.0,,,BenchmarkMonotoneHashWithTrieLookup,,,,,,,86.0,,,,,,,BenchmarkMonotoneHashWithTrieLookup/Keys=1048576-20,1048576.0,,,,,796.4,,1713445,,,
,,,10.0,,,BenchmarkMonotoneHashWithTrieLookup,,,,,,,87.0,,,,,,,BenchmarkMonotoneHashWithTrieLookup/Keys=8388608-20,8388608.0,,,,,767.9,,1645676,,,
,,,5.0,,,BenchmarkMonotoneHashWithTrieLookupMiss,,,,,,,47.0,,,,,,,BenchmarkMonotoneHashWithTrieLookupMiss/Keys=32-20,32.0,,,,,284.7,,4848070,,,
,,,6.0,,,BenchmarkMonotoneHashWithTrieLookupMiss,,,,,,,48.0,,,,,,,BenchmarkMonotoneHashWithTrieLookupMiss/Keys=256-20,256.0,,,,,273.2,,4264702,,,
,,,6.0,,,BenchmarkMonotoneHashWithTrieLookupMiss,,,,,,,53.0,,,,,,,BenchmarkMonotoneHashWithTrieLookupMiss/Keys=1024-20,1024.0,,,,,358.2,,3551263,,,
,,,8.0,,,BenchmarkMonotoneHashWithTrieLookupMiss,,,,,,,67.0,,,,,,,BenchmarkMonotoneHashWithTrieLookupMiss/Keys=8192-20,8192.0,,,,,676.6,,1598185,,,
,,,9.0,,,BenchmarkMonotoneHashWithTrieLookupMiss,,,,,,,76.0,,,,,,,BenchmarkMonotoneHashWithTrieLookupMiss/Keys=32768-20,32768.0,,,,,840.6,,1486401,,,
,,,10.0,,,BenchmarkMonotoneHashWithTrieLookupMiss,,,,,,,80.0,,,,,,,BenchmarkMonotoneHashWithTrieLookupMiss/Keys=262144-20,262144.0,,,,,831.2,,1687502,,,
,,,10.0,,,BenchmarkMonotoneHashWithTrieLookupMiss,,,,,,,86.0,,,,,,,BenchmarkMonotoneHashWithTrieLookupMiss/Keys=1048576-20,1048576.0,,,,,890.3,,1810968,,,
,,,10.0,,,BenchmarkMonotoneHashWithTrieLookupMiss,,,,,,,87.0,,,,,,,BenchmarkMonotoneHashWithTrieLookupMiss/Keys=8388608-20,8388608.0,,,,,612.1,,2010362,,,
,,,6944.0,1.0,,BenchmarkTrieRebuilds,,,,,,,82804.0,,,,0.0,,,BenchmarkTrieRebuilds/Keys=1024-20,1024.0,,,,,443172.0,,3765,3765.0,,
,,,70847.0,1.0,,BenchmarkTrieRebuilds,,,,,,,764045.0,,,,0.0,,,BenchmarkTrieRebuilds/Keys=8192-20,8192.0,,,,,6867469.0,,165,165.0,,
,,,319674.0,1.0,,BenchmarkTrieRebuilds,,,,,,,3335686.0,,,,0.0,,,BenchmarkTrieRebuilds/Keys=32768-20,32768.0,,,,,31693261.0,,42,42.0,,
,,,224.0,,,BenchmarkMonotoneHashWithTrieMemory,,,40.25,64.0,256.0,,9144.0,,9.0,80.0,,,,BenchmarkMonotoneHashWithTrieMemory/Keys=32-20,32.0,,,,,35640.0,1.0,34587,,161.0,49.69
,,,1579.0,,,BenchmarkMonotoneHashWithTrieMemory,,,15.28,392.0,256.0,,24136.0,,9.0,80.0,,,,BenchmarkMonotoneHashWithTrieMemory/Keys=256-20,256.0,,,,,120232.0,1.0,10000,,489.0,16.36
,,,6944.0,,,BenchmarkMonotoneHashWithTrieMemory,,,14.34,1616.0,256.0,,82803.0,,36.0,176.0,,,,BenchmarkMonotoneHashWithTrieMemory/Keys=1024-20,1024.0,,,,,469409.0,4.0,2653,,1836.0,9.586
,,,70847.0,,,BenchmarkMonotoneHashWithTrieMemory,,,14.5,13264.0,256.0,,764044.0,,288.0,1288.0,,,,BenchmarkMonotoneHashWithTrieMemory/Keys=8192-20,8192.0,,,,,7009569.0,32.0,165,,14848.0,8.675
,,,319674.0,,,BenchmarkMonotoneHashWithTrieMemory,,,14.37,53216.0,256.0,,3335682.0,,1152.0,4464.0,,,,BenchmarkMonotoneHashWithTrieMemory/Keys=32768-20,32768.0,,,,,27882043.0,128.0,38,,58840.0,7.587
,,,2668088.0,,,BenchmarkMonotoneHashWithTrieMemory,,,14.3,425520.0,256.0,,27615512.0,,9216.0,33952.0,,,,BenchmarkMonotoneHashWithTrieMemory/Keys=262144-20,262144.0,,,,,260044204.0,1024.0,5,,468696.0,7.244
,,,11476015.0,,,BenchmarkMonotoneHashWithTrieMemory,,,14.29,1701152.0,256.0,,116941544.0,,36864.0,135088.0,,,,BenchmarkMonotoneHashWithTrieMemory/Keys=1048576-20,1048576.0,,,,,1038815967.0,4096.0,1,,1873112.0,7.212
,,,93009422.0,,,BenchmarkMonotoneHashWithTrieMemory,,,14.3,13617136.0,256.0,,948057688.0,,294912.0,1078944.0,,,,BenchmarkMonotoneHashWithTrieMemory/Keys=8388608-20,8388608.0,,,,,7328827778.0,32768.0,1,,14991000.0,7.197
,,,224.0,,,BenchmarkMemoryDetailed,,,,,,,9144.0,,,,,,,BenchmarkMemoryDetailed/Keys=32-20,32.0,,,,,29832.0,,44373,,,
,,,1579.0,,,BenchmarkMemoryDetailed,,,,,,,24137.0,,,,,,,BenchmarkMemoryDetailed/Keys=256-20,256.0,,,,,101917.0,,10311,,,
,,,6944.0,,,BenchmarkMemoryDetailed,,,,,,,82810.0,,,,,,,BenchmarkMemoryDetailed/Keys=1024-20,1024.0,,,,,439732.0,,2452,,,
,,,70847.0,,,BenchmarkMemoryDetailed,,,,,,,764592.0,,,,,,,BenchmarkMemoryDetailed/Keys=8192-20,8192.0,,,,,7907159.0,,184,,,
,,,319682.0,,,BenchmarkMemoryDetailed,,,,,,,3345235.0,,,,,,,BenchmarkMemoryDetailed/Keys=32768-20,32768.0,,,,,28970626.0,,38,,,
,,,2668661.0,,,BenchmarkMemoryDetailed,,,,,,,28201811.0,,,,,,,BenchmarkMemoryDetailed/Keys=262144-20,262144.0,,,,,256366717.0,,5,,,
,,,11488111.0,,,BenchmarkMemoryDetailed,,,,,,,127030040.0,,,,,,,BenchmarkMemoryDetailed/Keys=1048576-20,1048576.0,,,,,1233474865.0,,1,,,
,,,93107548.0,,,BenchmarkMemoryDetailed,,,,,,,1031718552.0,,,,,,,BenchmarkMemoryDetailed/Keys=8388608-20,8388608.0,,,,,7677552348.0,,1,,,
,,,7.0,,,BenchmarkBucketLookupScaling,,,,,,,56.0,,,,,,,BenchmarkBucketLookupScaling/Keys=1000-20,1000.0,,,,,360.1,,3744108,,,
,,,8.0,,,BenchmarkBucketLookupScaling,,,,,,,64.0,,,,,,,BenchmarkBucketLookupScaling/Keys=5000-20,5000.0,,,,,646.1,,2062738,,,
,,,9.0,,,BenchmarkBucketLookupScaling,,,,,,,72.0,,,,,,,BenchmarkBucketLookupScaling/Keys=10000-20,10000.0,,,,,720.0,,2211836,,,
