module,benchmark,full_name,keys,ns_per_op,bytes_per_op,allocs_per_op,avg_attempts_per_success,avg_trie_attempts,bits_key_in_mem,bits_key_serialized,bits_per_key,bucket_overhead_bytes,bucket_size,bytes_in_mem,bytes_serialized,delimiter_storage_bytes,exact_trie_bytes,failed_builds,max_trie_attempts,num_buckets,samples_count,successful_builds,total_bytes,trie_percent_of_total
bucket_mmph,BenchmarkMonotoneHashBuild,BenchmarkMonotoneHashBuild/Keys=32-16,32.0,28340.0,6656.0,116.0,,,80.0,,,,,320.0,,,,,,,41607,,,
bucket_mmph,BenchmarkMonotoneHashBuild,BenchmarkMonotoneHashBuild/Keys=256-16,256.0,216337.0,46848.0,693.0,,,59.38,,,,,1900.0,,,,,,,10000,,,
bucket_mmph,BenchmarkMonotoneHashBuild,BenchmarkMonotoneHashBuild/Keys=1024-16,1024.0,299427.0,180560.0,2687.0,,,51.06,,,,,6536.0,,,,,,,4730,,,
bucket_mmph,BenchmarkMonotoneHashBuild,BenchmarkMonotoneHashBuild/Keys=8192-16,8192.0,3910023.0,1635952.0,21543.0,,,48.42,,,,,49584.0,,,,,,,435,,,
bucket_mmph,BenchmarkMonotoneHashBuild,BenchmarkMonotoneHashBuild/Keys=32768-16,32768.0,23270055.0,7274760.0,85143.0,,,46.9,,,,,192088.0,,,,,,,72,,,
bucket_mmph,BenchmarkMonotoneHashBuild,BenchmarkMonotoneHashBuild/Keys=262144-16,262144.0,369812010.0,59900840.0,667329.0,,,44.62,,,,,1462092.0,,,,,,,4,,,
bucket_mmph,BenchmarkMonotoneHashBuild,BenchmarkMonotoneHashBuild/Keys=1048576-16,1048576.0,2341101000.0,235677232.0,2645515.0,,,43.62,,,,,5717584.0,,,,,,,2,,,
bucket_mmph,BenchmarkMonotoneHashBuild,BenchmarkMonotoneHashBuild/Keys=4194304-16,4194304.0,6523786959.0,931056056.0,10493009.0,,,42.68,,,,,22376816.0,,,,,,,1,,,
bucket_mmph,BenchmarkMonotoneHashBuild,BenchmarkMonotoneHashBuild/Keys=16777216-16,16777216.0,34028823833.0,4040752824.0,41713013.0,,,41.96,,,,,87995008.0,,,,,,,1,,,
bucket_mmph,BenchmarkMonotoneHashBuild,BenchmarkMonotoneHashBuild/Keys=32-16,32.0,21927.0,6536.0,110.0,,,76.0,,,,,304.0,,,,,,,47809,,,
bucket_mmph,BenchmarkMonotoneHashBuild,BenchmarkMonotoneHashBuild/Keys=256-16,256.0,218224.0,46616.0,683.0,,,56.12,,,,,1796.0,,,,,,,10000,,,
bucket_mmph,BenchmarkMonotoneHashBuild,BenchmarkMonotoneHashBuild/Keys=1024-16,1024.0,628337.0,182384.0,2755.0,,,52.62,,,,,6736.0,,,,,,,2990,,,
bucket_mmph,BenchmarkMonotoneHashBuild,BenchmarkMonotoneHashBuild/Keys=8192-16,8192.0,4279978.0,1633168.0,21456.0,,,48.1,,,,,49256.0,,,,,,,364,,,
bucket_mmph,BenchmarkMonotoneHashBuild,BenchmarkMonotoneHashBuild/Keys=32768-16,32768.0,26481914.0,7257608.0,84845.0,,,46.53,,,,,190576.0,,,,,,,90,,,
bucket_mmph,BenchmarkMonotoneHashBuild,BenchmarkMonotoneHashBuild/Keys=262144-16,262144.0,288761097.0,59899090.0,667325.0,,,44.64,,,,,1462788.0,,,,,,,6,,,
bucket_mmph,BenchmarkMonotoneHashBuild,BenchmarkMonotoneHashBuild/Keys=1048576-16,1048576.0,1492238250.0,235564960.0,2643151.0,,,43.56,,,,,5709136.0,,,,,,,1,,,
bucket_mmph,BenchmarkMonotoneHashBuild,BenchmarkMonotoneHashBuild/Keys=4194304-16,4194304.0,4470360583.0,930961128.0,10491776.0,,,42.67,,,,,22372768.0,,,,,,,1,,,
bucket_mmph,BenchmarkMonotoneHashBuild,BenchmarkMonotoneHashBuild/Keys=16777216-16,16777216.0,32466460208.0,4040678392.0,41711101.0,,,41.95,,,,,87982232.0,,,,,,,1,,,
bucket_mmph,BenchmarkMonotoneHashBuild,BenchmarkMonotoneHashBuild/Keys=32-16,32.0,15279.0,6336.0,108.0,,,72.0,,,,,288.0,,,,,,,119361,,,
bucket_mmph,BenchmarkMonotoneHashBuild,BenchmarkMonotoneHashBuild/Keys=256-16,256.0,185714.0,45736.0,670.0,,,54.62,,,,,1748.0,,,,,,,10000,,,
bucket_mmph,BenchmarkMonotoneHashBuild,BenchmarkMonotoneHashBuild/Keys=1024-16,1024.0,1038275.0,181632.0,2742.0,,,52.19,,,,,6680.0,,,,,,,4623,,,
bucket_mmph,BenchmarkMonotoneHashBuild,BenchmarkMonotoneHashBuild/Keys=8192-16,8192.0,4041861.0,1631936.0,21445.0,,,47.84,,,,,48992.0,,,,,,,504,,,
bucket_mmph,BenchmarkMonotoneHashBuild,BenchmarkMonotoneHashBuild/Keys=32768-16,32768.0,31335511.0,7259280.0,84819.0,,,46.45,,,,,190248.0,,,,,,,68,,,
bucket_mmph,BenchmarkMonotoneHashBuild,BenchmarkMonotoneHashBuild/Keys=262144-16,262144.0,257286275.0,59895032.0,667023.0,,,44.58,,,,,1460740.0,,,,,,,5,,,
bucket_mmph,BenchmarkMonotoneHashBuild,BenchmarkMonotoneHashBuild/Keys=1048576-16,1048576.0,1425837250.0,235569792.0,2643447.0,,,43.57,,,,,5710328.0,,,,,,,2,,,
bucket_mmph,BenchmarkMonotoneHashBuild,BenchmarkMonotoneHashBuild/Keys=4194304-16,4194304.0,6139969250.0,930943072.0,10491696.0,,,42.67,,,,,22371520.0,,,,,,,1,,,
bucket_mmph,BenchmarkMonotoneHashBuild,BenchmarkMonotoneHashBuild/Keys=16777216-16,16777216.0,31958460916.0,4040834168.0,41714712.0,,,41.96,,,,,88000712.0,,,,,,,1,,,
bucket_mmph,BenchmarkMonotoneHashBuild,BenchmarkMonotoneHashBuild/Keys=32-16,32.0,12641.0,6768.0,120.0,,,84.0,,,,,336.0,,,,,,,124780,,,
bucket_mmph,BenchmarkMonotoneHashBuild,BenchmarkMonotoneHashBuild/Keys=256-16,256.0,81567.0,46288.0,665.0,,,56.12,,,,,1796.0,,,,,,,13688,,,
bucket_mmph,BenchmarkMonotoneHashBuild,BenchmarkMonotoneHashBuild/Keys=1024-16,1024.0,364131.0,182400.0,2724.0,,,52.5,,,,,6720.0,,,,,,,4678,,,
bucket_mmph,BenchmarkMonotoneHashBuild,BenchmarkMonotoneHashBuild/Keys=8192-16,8192.0,4314045.0,1637592.0,21579.0,,,48.41,,,,,49576.0,,,,,,,601,,,
bucket_mmph,BenchmarkMonotoneHashBuild,BenchmarkMonotoneHashBuild/Keys=32768-16,32768.0,21173938.0,7260648.0,84874.0,,,46.54,,,,,190624.0,,,,,,,79,,,
bucket_mmph,BenchmarkMonotoneHashBuild,BenchmarkMonotoneHashBuild/Keys=262144-16,262144.0,340542431.0,59913464.0,667381.0,,,44.62,,,,,1462204.0,,,,,,,3,,,
bucket_mmph,BenchmarkMonotoneHashBuild,BenchmarkMonotoneHashBuild/Keys=1048576-16,1048576.0,1416978792.0,235542232.0,2643033.0,,,43.56,,,,,5709848.0,,,,,,,1,,,
bucket_mmph,BenchmarkMonotoneHashBuild,BenchmarkMonotoneHashBuild/Keys=4194304-16,4194304.0,5579305833.0,947552992.0,10492791.0,,,42.69,,,,,22379288.0,,,,,,,1,,,
bucket_mmph,BenchmarkMonotoneHashBuild,BenchmarkMonotoneHashBuild/Keys=16777216-16,16777216.0,29999720584.0,4040631256.0,41710803.0,,,41.95,,,,,87980376.0,,,,,,,1,,,
bucket_mmph,BenchmarkMonotoneHashBuild,BenchmarkMonotoneHashBuild/Keys=32-16,32.0,30632.0,6648.0,115.0,,,80.0,,,,,320.0,,,,,,,153411,,,
bucket_mmph,BenchmarkMonotoneHashBuild,BenchmarkMonotoneHashBuild/Keys=256-16,256.0,219115.0,46096.0,672.0,,,55.12,,,,,1764.0,,,,,,,10000,,,
bucket_mmph,BenchmarkMonotoneHashBuild,BenchmarkMonotoneHashBuild/Keys=1024-16,1024.0,763374.0,181495.0,2728.0,,,52.31,,,,,6696.0,,,,,,,4884,,,
bucket_mmph,BenchmarkMonotoneHashBuild,BenchmarkMonotoneHashBuild/Keys=8192-16,8192.0,4049462.0,1635448.0,21565.0,,,48.33,,,,,49488.0,,,,,,,464,,,
bucket_mmph,BenchmarkMonotoneHashBuild,BenchmarkMonotoneHashBuild/Keys=32768-16,32768.0,18447882.0,7264048.0,84908.0,,,46.56,,,,,190728.0,,,,,,,67,,,
bucket_mmph,BenchmarkMonotoneHashBuild,BenchmarkMonotoneHashBuild/Keys=262144-16,262144.0,261918604.0,59909816.0,667384.0,,,44.64,,,,,1462900.0,,,,,,,4,,,
bucket_mmph,BenchmarkMonotoneHashBuild,BenchmarkMonotoneHashBuild/Keys=1048576-16,1048576.0,1565890292.0,235635032.0,2643704.0,,,43.57,,,,,5710872.0,,,,,,,1,,,
bucket_mmph,BenchmarkMonotoneHashBuild,BenchmarkMonotoneHashBuild/Keys=4194304-16,4194304.0,6523128916.0,947567864.0,10492982.0,,,42.68,,,,,22378440.0,,,,,,,1,,,
bucket_mmph,BenchmarkMonotoneHashBuild,BenchmarkMonotoneHashBuild/Keys=16777216-16,16777216.0,29714039500.0,4040502968.0,41709031.0,,,41.95,,,,,87977792.0,,,,,,,1,,,
bucket_mmph,BenchmarkMonotoneHashLookup,BenchmarkMonotoneHashLookup/Keys=32-16,32.0,374.5,24.0,1.0,,,,,,,,,,,,,,,4063550,,,
bucket_mmph,BenchmarkMonotoneHashLookup,BenchmarkMonotoneHashLookup/Keys=256-16,256.0,267.8,24.0,1.0,,,,,,,,,,,,,,,9536329,,,
bucket_mmph,BenchmarkMonotoneHashLookup,BenchmarkMonotoneHashLookup/Keys=1024-16,1024.0,344.8,25.0,1.0,,,,,,,,,,,,,,,3191456,,,
bucket_mmph,BenchmarkMonotoneHashLookup,BenchmarkMonotoneHashLookup/Keys=8192-16,8192.0,263.4,26.0,1.0,,,,,,,,,,,,,,,6884971,,,
bucket_mmph,BenchmarkMonotoneHashLookup,BenchmarkMonotoneHashLookup/Keys=32768-16,32768.0,284.0,26.0,1.0,,,,,,,,,,,,,,,3592507,,,
bucket_mmph,BenchmarkMonotoneHashLookup,BenchmarkMonotoneHashLookup/Keys=262144-16,262144.0,709.8,27.0,1.0,,,,,,,,,,,,,,,2670357,,,
bucket_mmph,BenchmarkMonotoneHashLookup,BenchmarkMonotoneHashLookup/Keys=1048576-16,1048576.0,614.9,27.0,1.0,,,,,,,,,,,,,,,1950223,,,
bucket_mmph,BenchmarkMonotoneHashLookup,BenchmarkMonotoneHashLookup/Keys=4194304-16,4194304.0,1054.0,28.0,1.0,,,,,,,,,,,,,,,1234166,,,
bucket_mmph,BenchmarkMonotoneHashLookup,BenchmarkMonotoneHashLookup/Keys=32-16,32.0,289.4,24.0,1.0,,,,,,,,,,,,,,,7774606,,,
bucket_mmph,BenchmarkMonotoneHashLookup,BenchmarkMonotoneHashLookup/Keys=256-16,256.0,203.1,24.0,1.0,,,,,,,,,,,,,,,7232529,,,
bucket_mmph,BenchmarkMonotoneHashLookup,BenchmarkMonotoneHashLookup/Keys=1024-16,1024.0,190.4,25.0,1.0,,,,,,,,,,,,,,,12401821,,,
bucket_mmph,BenchmarkMonotoneHashLookup,BenchmarkMonotoneHashLookup/Keys=8192-16,8192.0,255.4,26.0,1.0,,,,,,,,,,,,,,,8070960,,,
bucket_mmph,BenchmarkMonotoneHashLookup,BenchmarkMonotoneHashLookup/Keys=32768-16,32768.0,248.7,26.0,1.0,,,,,,,,,,,,,,,4591116,,,
bucket_mmph,BenchmarkMonotoneHashLookup,BenchmarkMonotoneHashLookup/Keys=262144-16,262144.0,682.5,27.0,1.0,,,,,,,,,,,,,,,1881060,,,
bucket_mmph,BenchmarkMonotoneHashLookup,BenchmarkMonotoneHashLookup/Keys=1048576-16,1048576.0,722.8,27.0,1.0,,,,,,,,,,,,,,,1885904,,,
bucket_mmph,BenchmarkMonotoneHashLookup,BenchmarkMonotoneHashLookup/Keys=32-16,32.0,196.6,24.0,1.0,,,,,,,,,,,,,,,7537578,,,
bucket_mmph,BenchmarkMonotoneHashLookup,BenchmarkMonotoneHashLookup/Keys=256-16,256.0,181.3,24.0,1.0,,,,,,,,,,,,,,,14501736,,,
bucket_mmph,BenchmarkMonotoneHashLookup,BenchmarkMonotoneHashLookup/Keys=1024-16,1024.0,172.2,25.0,1.0,,,,,,,,,,,,,,,12306697,,,
bucket_mmph,BenchmarkMonotoneHashLookup,BenchmarkMonotoneHashLookup/Keys=8192-16,8192.0,210.5,26.0,1.0,,,,,,,,,,,,,,,7445403,,,
bucket_mmph,BenchmarkMonotoneHashLookup,BenchmarkMonotoneHashLookup/Keys=32768-16,32768.0,420.0,26.0,1.0,,,,,,,,,,,,,,,4591177,,,
bucket_mmph,BenchmarkMonotoneHashLookup,BenchmarkMonotoneHashLookup/Keys=262144-16,262144.0,649.1,27.0,1.0,,,,,,,,,,,,,,,2846892,,,
bucket_mmph,BenchmarkMonotoneHashLookup,BenchmarkMonotoneHashLookup/Keys=1048576-16,1048576.0,1173.0,27.0,1.0,,,,,,,,,,,,,,,1716012,,,
bucket_mmph,BenchmarkMonotoneHashLookup,BenchmarkMonotoneHashLookup/Keys=4194304-16,4194304.0,926.5,28.0,1.0,,,,,,,,,,,,,,,1418158,,,
bucket_mmph,BenchmarkMonotoneHashLookup,BenchmarkMonotoneHashLookup/Keys=32-16,32.0,196.6,24.0,1.0,,,,,,,,,,,,,,,5747143,,,
bucket_mmph,BenchmarkMonotoneHashLookup,BenchmarkMonotoneHashLookup/Keys=256-16,256.0,118.3,24.0,1.0,,,,,,,,,,,,,,,12300264,,,
bucket_mmph,BenchmarkMonotoneHashLookup,BenchmarkMonotoneHashLookup/Keys=1024-16,1024.0,236.8,25.0,1.0,,,,,,,,,,,,,,,9193470,,,
bucket_mmph,BenchmarkMonotoneHashLookup,BenchmarkMonotoneHashLookup/Keys=8192-16,8192.0,202.3,26.0,1.0,,,,,,,,,,,,,,,7131231,,,
bucket_mmph,BenchmarkMonotoneHashLookup,BenchmarkMonotoneHashLookup/Keys=32768-16,32768.0,538.5,26.0,1.0,,,,,,,,,,,,,,,4750308,,,
bucket_mmph,BenchmarkMonotoneHashLookup,BenchmarkMonotoneHashLookup/Keys=262144-16,262144.0,590.1,27.0,1.0,,,,,,,,,,,,,,,2075721,,,
bucket_mmph,BenchmarkMonotoneHashLookup,BenchmarkMonotoneHashLookup/Keys=1048576-16,1048576.0,595.8,27.0,1.0,,,,,,,,,,,,,,,2497281,,,
bucket_mmph,BenchmarkMonotoneHashLookup,BenchmarkMonotoneHashLookup/Keys=4194304-16,4194304.0,1001.0,28.0,1.0,,,,,,,,,,,,,,,1334383,,,
bucket_mmph,BenchmarkMonotoneHashLookup,BenchmarkMonotoneHashLookup/Keys=32-16,32.0,207.8,24.0,1.0,,,,,,,,,,,,,,,5493962,,,
bucket_mmph,BenchmarkMonotoneHashLookup,BenchmarkMonotoneHashLookup/Keys=256-16,256.0,159.9,24.0,1.0,,,,,,,,,,,,,,,10936818,,,
bucket_mmph,BenchmarkMonotoneHashLookup,BenchmarkMonotoneHashLookup/Keys=1024-16,1024.0,129.2,25.0,1.0,,,,,,,,,,,,,,,9885055,,,
bucket_mmph,BenchmarkMonotoneHashLookup,BenchmarkMonotoneHashLookup/Keys=8192-16,8192.0,166.4,26.0,1.0,,,,,,,,,,,,,,,6085224,,,
bucket_mmph,BenchmarkMonotoneHashLookup,BenchmarkMonotoneHashLookup/Keys=32768-16,32768.0,362.5,26.0,1.0,,,,,,,,,,,,,,,3056480,,,
bucket_mmph,BenchmarkMonotoneHashLookup,BenchmarkMonotoneHashLookup/Keys=262144-16,262144.0,713.7,27.0,1.0,,,,,,,,,,,,,,,1485440,,,
bucket_mmph,BenchmarkMonotoneHashLookup,BenchmarkMonotoneHashLookup/Keys=1048576-16,1048576.0,746.8,27.0,1.0,,,,,,,,,,,,,,,1847256,,,
bucket_mmph,BenchmarkMonotoneHashLookup,BenchmarkMonotoneHashLookup/Keys=4194304-16,4194304.0,1184.0,28.0,1.0,,,,,,,,,,,,,,,1000000,,,
rbtz_mmph,BenchmarkBuild,BenchmarkBuild/Keys=32-16,32.0,20202.0,1504.0,34.0,,,44.0,,,,,176.0,,,,,,,60345,,,
rbtz_mmph,BenchmarkBuild,BenchmarkBuild/Keys=256-16,256.0,107442.0,12728.0,206.0,,,40.5,,,,,1296.0,,,,,,,15840,,,
rbtz_mmph,BenchmarkBuild,BenchmarkBuild/Keys=1024-16,1024.0,509249.0,51048.0,792.0,,,40.12,,,,,5136.0,,,,,,,4077,,,
rbtz_mmph,BenchmarkBuild,BenchmarkBuild/Keys=8192-16,8192.0,3155406.0,441608.0,6258.0,,,40.02,,,,,40976.0,,,,,,,394,,,
rbtz_mmph,BenchmarkBuild,BenchmarkBuild/Keys=32768-16,32768.0,13916098.0,2094848.0,24973.0,,,40.0,,,,,163856.0,,,,,,,82,,,
rbtz_mmph,BenchmarkBuild,BenchmarkBuild/Keys=262144-16,262144.0,197582577.0,19074377.0,199645.0,,,40.0,,,,,1310736.0,,,,,,,7,,,
rbtz_mmph,BenchmarkBuild,BenchmarkBuild/Keys=1048576-16,1048576.0,679742812.0,76295616.0,798394.0,,,40.0,,,,,5242896.0,,,,,,,2,,,
rbtz_mmph,BenchmarkBuild,BenchmarkBuild/Keys=4194304-16,4194304.0,3346115333.0,299588304.0,3192151.0,,,40.0,,,,,20971536.0,,,,,,,1,,,
rbtz_mmph,BenchmarkBuild,BenchmarkBuild/Keys=16777216-16,16777216.0,33297948750.0,1169576912.0,12769353.0,,,40.0,,,,,83886096.0,,,,,,,1,,,
rbtz_mmph,BenchmarkBuild,BenchmarkBuild/Keys=32-16,32.0,19067.0,1504.0,34.0,,,44.0,,,,,176.0,,,,,,,55548,,,
rbtz_mmph,BenchmarkBuild,BenchmarkBuild/Keys=256-16,256.0,112267.0,12728.0,206.0,,,40.5,,,,,1296.0,,,,,,,18685,,,
rbtz_mmph,BenchmarkBuild,BenchmarkBuild/Keys=1024-16,1024.0,310080.0,51048.0,792.0,,,40.12,,,,,5136.0,,,,,,,3384,,,
rbtz_mmph,BenchmarkBuild,BenchmarkBuild/Keys=8192-16,8192.0,2952042.0,441608.0,6258.0,,,40.02,,,,,40976.0,,,,,,,382,,,
rbtz_mmph,BenchmarkBuild,BenchmarkBuild/Keys=32768-16,32768.0,16207774.0,2094848.0,24973.0,,,40.0,,,,,163856.0,,,,,,,86,,,
rbtz_mmph,BenchmarkBuild,BenchmarkBuild/Keys=262144-16,262144.0,172340889.0,19074378.0,199645.0,,,40.0,,,,,1310736.0,,,,,,,6,,,
rbtz_mmph,BenchmarkBuild,BenchmarkBuild/Keys=1048576-16,1048576.0,638070917.0,76295616.0,798394.0,,,40.0,,,,,5242896.0,,,,,,,2,,,
rbtz_mmph,BenchmarkBuild,BenchmarkBuild/Keys=4194304-16,4194304.0,3270548000.0,299588304.0,3192151.0,,,40.0,,,,,20971536.0,,,,,,,1,,,
rbtz_mmph,BenchmarkBuild,BenchmarkBuild/Keys=16777216-16,16777216.0,38849789958.0,1169576912.0,12769353.0,,,40.0,,,,,83886096.0,,,,,,,1,,,
rbtz_mmph,BenchmarkBuild,BenchmarkBuild/Keys=32-16,32.0,20244.0,1504.0,34.0,,,44.0,,,,,176.0,,,,,,,56325,,,
rbtz_mmph,BenchmarkBuild,BenchmarkBuild/Keys=256-16,256.0,115977.0,12728.0,206.0,,,40.5,,,,,1296.0,,,,,,,16671,,,
rbtz_mmph,BenchmarkBuild,BenchmarkBuild/Keys=1024-16,1024.0,451276.0,51048.0,792.0,,,40.12,,,,,5136.0,,,,,,,3734,,,
rbtz_mmph,BenchmarkBuild,BenchmarkBuild/Keys=8192-16,8192.0,2990429.0,441608.0,6258.0,,,40.02,,,,,40976.0,,,,,,,373,,,
rbtz_mmph,BenchmarkBuild,BenchmarkBuild/Keys=32768-16,32768.0,14436691.0,2094848.0,24973.0,,,40.0,,,,,163856.0,,,,,,,90,,,
rbtz_mmph,BenchmarkBuild,BenchmarkBuild/Keys=262144-16,262144.0,213238589.0,19074377.0,199645.0,,,40.0,,,,,1310736.0,,,,,,,7,,,
rbtz_mmph,BenchmarkBuild,BenchmarkBuild/Keys=1048576-16,1048576.0,709486958.0,76295616.0,798394.0,,,40.0,,,,,5242896.0,,,,,,,2,,,
rbtz_mmph,BenchmarkBuild,BenchmarkBuild/Keys=4194304-16,4194304.0,3300703541.0,299588304.0,3192151.0,,,40.0,,,,,20971536.0,,,,,,,1,,,
rbtz_mmph,BenchmarkBuild,BenchmarkBuild/Keys=16777216-16,16777216.0,37330311041.0,1169576896.0,12769353.0,,,40.0,,,,,83886096.0,,,,,,,1,,,
rbtz_mmph,BenchmarkBuild,BenchmarkBuild/Keys=32-16,32.0,20397.0,1504.0,34.0,,,44.0,,,,,176.0,,,,,,,64701,,,
rbtz_mmph,BenchmarkBuild,BenchmarkBuild/Keys=256-16,256.0,110430.0,12728.0,206.0,,,40.5,,,,,1296.0,,,,,,,16588,,,
rbtz_mmph,BenchmarkBuild,BenchmarkBuild/Keys=1024-16,1024.0,457738.0,51048.0,792.0,,,40.12,,,,,5136.0,,,,,,,4134,,,
rbtz_mmph,BenchmarkBuild,BenchmarkBuild/Keys=8192-16,8192.0,3232767.0,441608.0,6258.0,,,40.02,,,,,40976.0,,,,,,,408,,,
rbtz_mmph,BenchmarkBuild,BenchmarkBuild/Keys=32768-16,32768.0,15056046.0,2094848.0,24973.0,,,40.0,,,,,163856.0,,,,,,,82,,,
rbtz_mmph,BenchmarkBuild,BenchmarkBuild/Keys=262144-16,262144.0,153374899.0,19074377.0,199645.0,,,40.0,,,,,1310736.0,,,,,,,7,,,
rbtz_mmph,BenchmarkBuild,BenchmarkBuild/Keys=1048576-16,1048576.0,665607042.0,76295616.0,798394.0,,,40.0,,,,,5242896.0,,,,,,,2,,,
rbtz_mmph,BenchmarkBuild,BenchmarkBuild/Keys=4194304-16,4194304.0,3349655667.0,299588304.0,3192151.0,,,40.0,,,,,20971536.0,,,,,,,1,,,
rbtz_mmph,BenchmarkBuild,BenchmarkBuild/Keys=16777216-16,16777216.0,39445643709.0,1169576912.0,12769353.0,,,40.0,,,,,83886096.0,,,,,,,1,,,
rbtz_mmph,BenchmarkBuild,BenchmarkBuild/Keys=32-16,32.0,21421.0,1504.0,34.0,,,44.0,,,,,176.0,,,,,,,55413,,,
rbtz_mmph,BenchmarkBuild,BenchmarkBuild/Keys=256-16,256.0,110873.0,12728.0,206.0,,,40.5,,,,,1296.0,,,,,,,18308,,,
rbtz_mmph,BenchmarkBuild,BenchmarkBuild/Keys=1024-16,1024.0,485566.0,51048.0,792.0,,,40.12,,,,,5136.0,,,,,,,3566,,,
rbtz_mmph,BenchmarkBuild,BenchmarkBuild/Keys=8192-16,8192.0,3003838.0,441608.0,6258.0,,,40.02,,,,,40976.0,,,,,,,422,,,
rbtz_mmph,BenchmarkBuild,BenchmarkBuild/Keys=32768-16,32768.0,14309577.0,2094848.0,24973.0,,,40.0,,,,,163856.0,,,,,,,100,,,
rbtz_mmph,BenchmarkBuild,BenchmarkBuild/Keys=262144-16,262144.0,166677125.0,19074378.0,199645.0,,,40.0,,,,,1310736.0,,,,,,,8,,,
rbtz_mmph,BenchmarkBuild,BenchmarkBuild/Keys=1048576-16,1048576.0,745266000.0,76295616.0,798394.0,,,40.0,,,,,5242896.0,,,,,,,2,,,
rbtz_mmph,BenchmarkBuild,BenchmarkBuild/Keys=4194304-16,4194304.0,3256798500.0,299588304.0,3192151.0,,,40.0,,,,,20971536.0,,,,,,,1,,,
rbtz_mmph,BenchmarkBuild,BenchmarkBuild/Keys=16777216-16,16777216.0,34015713125.0,1169576896.0,12769353.0,,,40.0,,,,,83886096.0,,,,,,,1,,,
rbtz_mmph,BenchmarkDeserialize,BenchmarkDeserialize/Keys=32-16,32.0,102.1,160.0,2.0,,,,,,,,,,,,,,,16897134,,,
rbtz_mmph,BenchmarkDeserialize,BenchmarkDeserialize/Keys=256-16,256.0,544.0,1280.0,2.0,,,,,,,,,,,,,,,1965796,,,
rbtz_mmph,BenchmarkDeserialize,BenchmarkDeserialize/Keys=1024-16,1024.0,1457.0,5120.0,2.0,,,,,,,,,,,,,,,1000000,,,
rbtz_mmph,BenchmarkDeserialize,BenchmarkDeserialize/Keys=8192-16,8192.0,9169.0,40960.0,2.0,,,,,,,,,,,,,,,146245,,,
rbtz_mmph,BenchmarkDeserialize,BenchmarkDeserialize/Keys=32768-16,32768.0,34411.0,163840.0,2.0,,,,,,,,,,,,,,,37130,,,
rbtz_mmph,BenchmarkDeserialize,BenchmarkDeserialize/Keys=262144-16,262144.0,227334.0,1310720.0,2.0,,,,,,,,,,,,,,,5766,,,
rbtz_mmph,BenchmarkDeserialize,BenchmarkDeserialize/Keys=1048576-16,1048576.0,969711.0,5242880.0,2.0,,,,,,,,,,,,,,,1059,,,
rbtz_mmph,BenchmarkLookup,BenchmarkLookup/Keys=32-16,32.0,6.56,0.0,0.0,,,,,,,,,,,,,,,198585244,,,
rbtz_mmph,BenchmarkLookup,BenchmarkLookup/Keys=256-16,256.0,9.375,0.0,0.0,,,,,,,,,,,,,,,130140757,,,
rbtz_mmph,BenchmarkLookup,BenchmarkLookup/Keys=1024-16,1024.0,5.873,0.0,0.0,,,,,,,,,,,,,,,198481341,,,
rbtz_mmph,BenchmarkLookup,BenchmarkLookup/Keys=8192-16,8192.0,6.633,0.0,0.0,,,,,,,,,,,,,,,214975875,,,
rbtz_mmph,BenchmarkLookup,BenchmarkLookup/Keys=32768-16,32768.0,8.233,0.0,0.0,,,,,,,,,,,,,,,140293740,,,
rbtz_mmph,BenchmarkLookup,BenchmarkLookup/Keys=262144-16,262144.0,8.435,0.0,0.0,,,,,,,,,,,,,,,162254068,,,
rbtz_mmph,BenchmarkLookup,BenchmarkLookup/Keys=1048576-16,1048576.0,10.33,0.0,0.0,,,,,,,,,,,,,,,122757918,,,
rbtz_mmph,BenchmarkLookup,BenchmarkLookup/Keys=4194304-16,4194304.0,45.32,0.0,0.0,,,,,,,,,,,,,,,27271538,,,
rbtz_mmph,BenchmarkLookup,BenchmarkLookup/Keys=32-16,32.0,14.66,0.0,0.0,,,,,,,,,,,,,,,100000000,,,
rbtz_mmph,BenchmarkLookup,BenchmarkLookup/Keys=256-16,256.0,18.29,0.0,0.0,,,,,,,,,,,,,,,57172123,,,
rbtz_mmph,BenchmarkLookup,BenchmarkLookup/Keys=1024-16,1024.0,10.46,0.0,0.0,,,,,,,,,,,,,,,127042813,,,
rbtz_mmph,BenchmarkLookup,BenchmarkLookup/Keys=8192-16,8192.0,19.69,0.0,0.0,,,,,,,,,,,,,,,147609865,,,
rbtz_mmph,BenchmarkLookup,BenchmarkLookup/Keys=32768-16,32768.0,18.28,0.0,0.0,,,,,,,,,,,,,,,100000000,,,
rbtz_mmph,BenchmarkLookup,BenchmarkLookup/Keys=262144-16,262144.0,42.69,0.0,0.0,,,,,,,,,,,,,,,39674516,,,
rbtz_mmph,BenchmarkLookup,BenchmarkLookup/Keys=1048576-16,1048576.0,33.84,0.0,0.0,,,,,,,,,,,,,,,49884429,,,
rbtz_mmph,BenchmarkLookup,BenchmarkLookup/Keys=4194304-16,4194304.0,78.24,0.0,0.0,,,,,,,,,,,,,,,22820322,,,
rbtz_mmph,BenchmarkLookup,BenchmarkLookup/Keys=32-16,32.0,16.48,0.0,0.0,,,,,,,,,,,,,,,71395724,,,
rbtz_mmph,BenchmarkLookup,BenchmarkLookup/Keys=256-16,256.0,10.26,0.0,0.0,,,,,,,,,,,,,,,100000000,,,
rbtz_mmph,BenchmarkLookup,BenchmarkLookup/Keys=1024-16,1024.0,9.038,0.0,0.0,,,,,,,,,,,,,,,135207864,,,
rbtz_mmph,BenchmarkLookup,BenchmarkLookup/Keys=8192-16,8192.0,20.8,0.0,0.0,,,,,,,,,,,,,,,100000000,,,
rbtz_mmph,BenchmarkLookup,BenchmarkLookup/Keys=32768-16,32768.0,20.85,0.0,0.0,,,,,,,,,,,,,,,100000000,,,
rbtz_mmph,BenchmarkLookup,BenchmarkLookup/Keys=262144-16,262144.0,50.7,0.0,0.0,,,,,,,,,,,,,,,52596357,,,
rbtz_mmph,BenchmarkLookup,BenchmarkLookup/Keys=1048576-16,1048576.0,18.74,0.0,0.0,,,,,,,,,,,,,,,54779096,,,
rbtz_mmph,BenchmarkLookup,BenchmarkLookup/Keys=4194304-16,4194304.0,81.96,0.0,0.0,,,,,,,,,,,,,,,24387517,,,
rbtz_mmph,BenchmarkLookup,BenchmarkLookup/Keys=32-16,32.0,10.54,0.0,0.0,,,,,,,,,,,,,,,100000000,,,
rbtz_mmph,BenchmarkLookup,BenchmarkLookup/Keys=256-16,256.0,9.391,0.0,0.0,,,,,,,,,,,,,,,170260240,,,
rbtz_mmph,BenchmarkLookup,BenchmarkLookup/Keys=1024-16,1024.0,16.86,0.0,0.0,,,,,,,,,,,,,,,100000000,,,
rbtz_mmph,BenchmarkLookup,BenchmarkLookup/Keys=8192-16,8192.0,16.84,0.0,0.0,,,,,,,,,,,,,,,100000000,,,
rbtz_mmph,BenchmarkLookup,BenchmarkLookup/Keys=32768-16,32768.0,20.7,0.0,0.0,,,,,,,,,,,,,,,94412918,,,
rbtz_mmph,BenchmarkLookup,BenchmarkLookup/Keys=262144-16,262144.0,38.21,0.0,0.0,,,,,,,,,,,,,,,90389808,,,
rbtz_mmph,BenchmarkLookup,BenchmarkLookup/Keys=1048576-16,1048576.0,17.7,0.0,0.0,,,,,,,,,,,,,,,86309250,,,
rbtz_mmph,BenchmarkLookup,BenchmarkLookup/Keys=4194304-16,4194304.0,126.4,0.0,0.0,,,,,,,,,,,,,,,27391839,,,
rbtz_mmph,BenchmarkLookup,BenchmarkLookup/Keys=32-16,32.0,12.31,0.0,0.0,,,,,,,,,,,,,,,216239263,,,
rbtz_mmph,BenchmarkLookup,BenchmarkLookup/Keys=256-16,256.0,18.02,0.0,0.0,,,,,,,,,,,,,,,100000000,,,
rbtz_mmph,BenchmarkLookup,BenchmarkLookup/Keys=1024-16,1024.0,16.52,0.0,0.0,,,,,,,,,,,,,,,100000000,,,
rbtz_mmph,BenchmarkLookup,BenchmarkLookup/Keys=8192-16,8192.0,24.01,0.0,0.0,,,,,,,,,,,,,,,100000000,,,
rbtz_mmph,BenchmarkLookup,BenchmarkLookup/Keys=32768-16,32768.0,26.1,0.0,0.0,,,,,,,,,,,,,,,46546861,,,
rbtz_mmph,BenchmarkLookup,BenchmarkLookup/Keys=262144-16,262144.0,12.53,0.0,0.0,,,,,,,,,,,,,,,132639080,,,
rbtz_mmph,BenchmarkLookup,BenchmarkLookup/Keys=1048576-16,1048576.0,108.3,0.0,0.0,,,,,,,,,,,,,,,30360914,,,
rbtz_mmph,BenchmarkLookup,BenchmarkLookup/Keys=4194304-16,4194304.0,88.06,0.0,0.0,,,,,,,,,,,,,,,26759530,,,
rbtz_mmph,BenchmarkSerialize,BenchmarkSerialize/Keys=32-16,32.0,140.6,176.0,1.0,,,,44.0,,,,,176.0,,,,,,7732660,,,
rbtz_mmph,BenchmarkSerialize,BenchmarkSerialize/Keys=256-16,256.0,759.3,1408.0,1.0,,,,40.5,,,,,1296.0,,,,,,2451810,,,
rbtz_mmph,BenchmarkSerialize,BenchmarkSerialize/Keys=1024-16,1024.0,2245.0,5376.0,1.0,,,,40.12,,,,,5136.0,,,,,,887193,,,
rbtz_mmph,BenchmarkSerialize,BenchmarkSerialize/Keys=8192-16,8192.0,20161.0,49152.0,1.0,,,,40.02,,,,,40976.0,,,,,,109708,,,
rbtz_mmph,BenchmarkSerialize,BenchmarkSerialize/Keys=32768-16,32768.0,93469.0,172032.0,1.0,,,,40.0,,,,,163856.0,,,,,,14722,,,
rbtz_mmph,BenchmarkSerialize,BenchmarkSerialize/Keys=262144-16,262144.0,521125.0,1318912.0,1.0,,,,40.0,,,,,1310736.0,,,,,,2566,,,
rbtz_mmph,BenchmarkSerialize,BenchmarkSerialize/Keys=1048576-16,1048576.0,968115.0,5251072.0,1.0,,,,40.0,,,,,5242896.0,,,,,,1429,,,
rbtz_mmph,BenchmarkSerialize,BenchmarkSerialize/Keys=4194304-16,4194304.0,6497703.0,20979712.0,1.0,,,,40.0,,,,,20971536.0,,,,,,291,,,
rbtz_mmph,BenchmarkSerialize,BenchmarkSerialize/Keys=32-16,32.0,208.8,176.0,1.0,,,,44.0,,,,,176.0,,,,,,6519086,,,
rbtz_mmph,BenchmarkSerialize,BenchmarkSerialize/Keys=256-16,256.0,476.3,1408.0,1.0,,,,40.5,,,,,1296.0,,,,,,2797329,,,
rbtz_mmph,BenchmarkSerialize,BenchmarkSerialize/Keys=1024-16,1024.0,1090.0,5376.0,1.0,,,,40.12,,,,,5136.0,,,,,,1110224,,,
rbtz_mmph,BenchmarkSerialize,BenchmarkSerialize/Keys=8192-16,8192.0,8218.0,49152.0,1.0,,,,40.02,,,,,40976.0,,,,,,171577,,,
rbtz_mmph,BenchmarkSerialize,BenchmarkSerialize/Keys=32768-16,32768.0,45584.0,172032.0,1.0,,,,40.0,,,,,163856.0,,,,,,23859,,,
rbtz_mmph,BenchmarkSerialize,BenchmarkSerialize/Keys=262144-16,262144.0,231987.0,1318912.0,1.0,,,,40.0,,,,,1310736.0,,,,,,7189,,,
rbtz_mmph,BenchmarkSerialize,BenchmarkSerialize/Keys=1048576-16,1048576.0,937219.0,5251072.0,1.0,,,,40.0,,,,,5242896.0,,,,,,1072,,,
rbtz_mmph,BenchmarkSerialize,BenchmarkSerialize/Keys=4194304-16,4194304.0,6812008.0,20979712.0,1.0,,,,40.0,,,,,20971536.0,,,,,,234,,,
rbtz_mmph,BenchmarkSerialize,BenchmarkSerialize/Keys=32-16,32.0,198.7,176.0,1.0,,,,44.0,,,,,176.0,,,,,,9275179,,,
rbtz_mmph,BenchmarkSerialize,BenchmarkSerialize/Keys=256-16,256.0,463.9,1408.0,1.0,,,,40.5,,,,,1296.0,,,,,,3574075,,,
rbtz_mmph,BenchmarkSerialize,BenchmarkSerialize/Keys=1024-16,1024.0,1183.0,5376.0,1.0,,,,40.12,,,,,5136.0,,,,,,1000000,,,
rbtz_mmph,BenchmarkSerialize,BenchmarkSerialize/Keys=8192-16,8192.0,11099.0,49152.0,1.0,,,,40.02,,,,,40976.0,,,,,,104194,,,
rbtz_mmph,BenchmarkSerialize,BenchmarkSerialize/Keys=32768-16,32768.0,57090.0,172032.0,1.0,,,,40.0,,,,,163856.0,,,,,,25693,,,
rbtz_mmph,BenchmarkSerialize,BenchmarkSerialize/Keys=262144-16,262144.0,436126.0,1318912.0,1.0,,,,40.0,,,,,1310736.0,,,,,,4179,,,
rbtz_mmph,BenchmarkSerialize,BenchmarkSerialize/Keys=1048576-16,1048576.0,1029293.0,5251072.0,1.0,,,,40.0,,,,,5242896.0,,,,,,1125,,,
rbtz_mmph,BenchmarkSerialize,BenchmarkSerialize/Keys=4194304-16,4194304.0,5567156.0,20979712.0,1.0,,,,40.0,,,,,20971536.0,,,,,,314,,,
rbtz_mmph,BenchmarkSerialize,BenchmarkSerialize/Keys=32-16,32.0,194.8,176.0,1.0,,,,44.0,,,,,176.0,,,,,,8650568,,,
rbtz_mmph,BenchmarkSerialize,BenchmarkSerialize/Keys=256-16,256.0,616.4,1408.0,1.0,,,,40.5,,,,,1296.0,,,,,,2181460,,,
rbtz_mmph,BenchmarkSerialize,BenchmarkSerialize/Keys=1024-16,1024.0,2356.0,5376.0,1.0,,,,40.12,,,,,5136.0,,,,,,907345,,,
rbtz_mmph,BenchmarkSerialize,BenchmarkSerialize/Keys=8192-16,8192.0,12689.0,49152.0,1.0,,,,40.02,,,,,40976.0,,,,,,129283,,,
rbtz_mmph,BenchmarkSerialize,BenchmarkSerialize/Keys=32768-16,32768.0,36256.0,172032.0,1.0,,,,40.0,,,,,163856.0,,,,,,35698,,,
rbtz_mmph,BenchmarkSerialize,BenchmarkSerialize/Keys=262144-16,262144.0,259451.0,1318912.0,1.0,,,,40.0,,,,,1310736.0,,,,,,3962,,,
rbtz_mmph,BenchmarkSerialize,BenchmarkSerialize/Keys=1048576-16,1048576.0,1334998.0,5251072.0,1.0,,,,40.0,,,,,5242896.0,,,,,,879,,,
rbtz_mmph,BenchmarkSerialize,BenchmarkSerialize/Keys=4194304-16,4194304.0,3809854.0,20979712.0,1.0,,,,40.0,,,,,20971536.0,,,,,,310,,,
rbtz_mmph,BenchmarkSerialize,BenchmarkSerialize/Keys=32-16,32.0,174.3,176.0,1.0,,,,44.0,,,,,176.0,,,,,,10197136,,,
rbtz_mmph,BenchmarkSerialize,BenchmarkSerialize/Keys=256-16,256.0,463.3,1408.0,1.0,,,,40.5,,,,,1296.0,,,,,,2426814,,,
rbtz_mmph,BenchmarkSerialize,BenchmarkSerialize/Keys=1024-16,1024.0,1579.0,5376.0,1.0,,,,40.12,,,,,5136.0,,,,,,1000000,,,
rbtz_mmph,BenchmarkSerialize,BenchmarkSerialize/Keys=8192-16,8192.0,9032.0,49152.0,1.0,,,,40.02,,,,,40976.0,,,,,,177650,,,
rbtz_mmph,BenchmarkSerialize,BenchmarkSerialize/Keys=32768-16,32768.0,28565.0,172032.0,1.0,,,,40.0,,,,,163856.0,,,,,,41312,,,
rbtz_mmph,BenchmarkSerialize,BenchmarkSerialize/Keys=262144-16,262144.0,213510.0,1318912.0,1.0,,,,40.0,,,,,1310736.0,,,,,,6918,,,
rbtz_mmph,BenchmarkSerialize,BenchmarkSerialize/Keys=1048576-16,1048576.0,1073795.0,5251072.0,1.0,,,,40.0,,,,,5242896.0,,,,,,1274,,,
rbtz_mmph,BenchmarkSerialize,BenchmarkSerialize/Keys=4194304-16,4194304.0,4601541.0,20979712.0,1.0,,,,40.0,,,,,20971536.0,,,,,,259,,,
relative_trie,BenchmarkMonotoneHashWithTrieBuild,BenchmarkMonotoneHashWithTrieBuild/Keys=32-16,32.0,26553.0,13368.0,366.0,,1.0,58.25,,,,,233.0,,,,,1.0,,47498,,,
relative_trie,BenchmarkMonotoneHashWithTrieBuild,BenchmarkMonotoneHashWithTrieBuild/Keys=32-16,32.0,26836.0,13368.0,366.0,,1.0,58.25,,,,,233.0,,,,,1.0,,45129,,,
relative_trie,BenchmarkMonotoneHashWithTrieBuild,BenchmarkMonotoneHashWithTrieBuild/Keys=32-16,32.0,26854.0,13368.0,366.0,,1.0,58.25,,,,,233.0,,,,,1.0,,45588,,,
relative_trie,BenchmarkMonotoneHashWithTrieBuild,BenchmarkMonotoneHashWithTrieBuild/Keys=32-16,32.0,27173.0,13368.0,366.0,,1.0,58.25,,,,,233.0,,,,,1.0,,45933,,,
relative_trie,BenchmarkMonotoneHashWithTrieBuild,BenchmarkMonotoneHashWithTrieBuild/Keys=32-16,32.0,22724.0,13368.0,366.0,,1.0,58.25,,,,,233.0,,,,,1.0,,44415,,,
relative_trie,BenchmarkMonotoneHashWithTrieBuild,BenchmarkMonotoneHashWithTrieBuild/Keys=256-16,256.0,80625.0,59008.0,2635.0,,1.0,17.78,,,,,569.0,,,,,1.0,,14592,,,
relative_trie,BenchmarkMonotoneHashWithTrieBuild,BenchmarkMonotoneHashWithTrieBuild/Keys=256-16,256.0,80529.0,59008.0,2635.0,,1.0,17.78,,,,,569.0,,,,,1.0,,15177,,,
relative_trie,BenchmarkMonotoneHashWithTrieBuild,BenchmarkMonotoneHashWithTrieBuild/Keys=256-16,256.0,91460.0,59008.0,2635.0,,1.0,17.78,,,,,569.0,,,,,1.0,,14750,,,
relative_trie,BenchmarkMonotoneHashWithTrieBuild,BenchmarkMonotoneHashWithTrieBuild/Keys=256-16,256.0,79873.0,59008.0,2635.0,,1.0,17.78,,,,,569.0,,,,,1.0,,14545,,,
relative_trie,BenchmarkMonotoneHashWithTrieBuild,BenchmarkMonotoneHashWithTrieBuild/Keys=256-16,256.0,81708.0,59008.0,2635.0,,1.0,17.78,,,,,569.0,,,,,1.0,,14740,,,
relative_trie,BenchmarkMonotoneHashWithTrieBuild,BenchmarkMonotoneHashWithTrieBuild/Keys=1024-16,1024.0,506041.0,253304.0,12340.0,,1.0,15.41,,,,,1972.0,,,,,1.0,,3192,,,
relative_trie,BenchmarkMonotoneHashWithTrieBuild,BenchmarkMonotoneHashWithTrieBuild/Keys=1024-16,1024.0,421014.0,253304.0,12340.0,,1.0,15.41,,,,,1972.0,,,,,1.0,,3127,,,
relative_trie,BenchmarkMonotoneHashWithTrieBuild,BenchmarkMonotoneHashWithTrieBuild/Keys=1024-16,1024.0,508236.0,253304.0,12340.0,,1.0,15.41,,,,,1972.0,,,,,1.0,,3216,,,
relative_trie,BenchmarkMonotoneHashWithTrieBuild,BenchmarkMonotoneHashWithTrieBuild/Keys=1024-16,1024.0,475596.0,253304.0,12340.0,,1.0,15.41,,,,,1972.0,,,,,1.0,,2635,,,
relative_trie,BenchmarkMonotoneHashWithTrieBuild,BenchmarkMonotoneHashWithTrieBuild/Keys=1024-16,1024.0,475998.0,253304.0,12340.0,,1.0,15.41,,,,,1972.0,,,,,1.0,,3204,,,
relative_trie,BenchmarkMonotoneHashWithTrieBuild,BenchmarkMonotoneHashWithTrieBuild/Keys=8192-16,8192.0,5835385.0,2607560.0,127819.0,,1.0,15.41,,,,,15784.0,,,,,1.0,,186,,,
relative_trie,BenchmarkMonotoneHashWithTrieBuild,BenchmarkMonotoneHashWithTrieBuild/Keys=8192-16,8192.0,6010540.0,2607560.0,127819.0,,1.0,15.41,,,,,15784.0,,,,,1.0,,207,,,
relative_trie,BenchmarkMonotoneHashWithTrieBuild,BenchmarkMonotoneHashWithTrieBuild/Keys=8192-16,8192.0,6486643.0,2607560.0,127819.0,,1.0,15.41,,,,,15784.0,,,,,1.0,,175,,,
relative_trie,BenchmarkMonotoneHashWithTrieBuild,BenchmarkMonotoneHashWithTrieBuild/Keys=8192-16,8192.0,6500327.0,2607560.0,127819.0,,1.0,15.41,,,,,15784.0,,,,,1.0,,231,,,
relative_trie,BenchmarkMonotoneHashWithTrieBuild,BenchmarkMonotoneHashWithTrieBuild/Keys=8192-16,8192.0,5342860.0,2607560.0,127819.0,,1.0,15.41,,,,,15784.0,,,,,1.0,,229,,,
relative_trie,BenchmarkMonotoneHashWithTrieBuild,BenchmarkMonotoneHashWithTrieBuild/Keys=32768-16,32768.0,28801735.0,11796352.0,576958.0,,1.0,15.24,,,,,62416.0,,,,,1.0,,45,,,
relative_trie,BenchmarkMonotoneHashWithTrieBuild,BenchmarkMonotoneHashWithTrieBuild/Keys=32768-16,32768.0,33578648.0,11796352.0,576958.0,,1.0,15.24,,,,,62416.0,,,,,1.0,,45,,,
relative_trie,BenchmarkMonotoneHashWithTrieBuild,BenchmarkMonotoneHashWithTrieBuild/Keys=32768-16,32768.0,31427334.0,11796354.0,576958.0,,1.0,15.24,,,,,62416.0,,,,,1.0,,45,,,
relative_trie,BenchmarkMonotoneHashWithTrieBuild,BenchmarkMonotoneHashWithTrieBuild/Keys=32768-16,32768.0,34488220.0,11796352.0,576958.0,,1.0,15.24,,,,,62416.0,,,,,1.0,,42,,,
relative_trie,BenchmarkMonotoneHashWithTrieBuild,BenchmarkMonotoneHashWithTrieBuild/Keys=32768-16,32768.0,28939384.0,11796354.0,576958.0,,1.0,15.24,,,,,62416.0,,,,,1.0,,46,,,
relative_trie,BenchmarkMonotoneHashWithTrieBuild,BenchmarkMonotoneHashWithTrieBuild/Keys=262144-16,262144.0,315126792.0,103482976.0,6188827.0,,1.0,15.31,,,,,501792.0,,,,,1.0,,4,,,
relative_trie,BenchmarkMonotoneHashWithTrieBuild,BenchmarkMonotoneHashWithTrieBuild/Keys=262144-16,262144.0,288245573.0,103482980.0,6188827.0,,1.0,15.31,,,,,501792.0,,,,,1.0,,4,,,
relative_trie,BenchmarkMonotoneHashWithTrieBuild,BenchmarkMonotoneHashWithTrieBuild/Keys=262144-16,262144.0,317327479.0,103482972.0,6188827.0,,1.0,15.31,,,,,501792.0,,,,,1.0,,4,,,
relative_trie,BenchmarkMonotoneHashWithTrieBuild,BenchmarkMonotoneHashWithTrieBuild/Keys=262144-16,262144.0,294755584.0,103482980.0,6188827.0,,1.0,15.31,,,,,501792.0,,,,,1.0,,4,,,
relative_trie,BenchmarkMonotoneHashWithTrieBuild,BenchmarkMonotoneHashWithTrieBuild/Keys=262144-16,262144.0,310197812.0,103482984.0,6188827.0,,1.0,15.31,,,,,501792.0,,,,,1.0,,4,,,
relative_trie,BenchmarkMonotoneHashWithTrieBuild,BenchmarkMonotoneHashWithTrieBuild/Keys=1048576-16,1048576.0,1319857959.0,422641944.0,26557954.0,,1.0,15.31,,,,,2006856.0,,,,,1.0,,1,,,
relative_trie,BenchmarkMonotoneHashWithTrieBuild,BenchmarkMonotoneHashWithTrieBuild/Keys=1048576-16,1048576.0,1351908167.0,422641992.0,26557954.0,,1.0,15.31,,,,,2006856.0,,,,,1.0,,1,,,
relative_trie,BenchmarkMonotoneHashWithTrieBuild,BenchmarkMonotoneHashWithTrieBuild/Keys=1048576-16,1048576.0,1535895042.0,422641960.0,26557954.0,,1.0,15.31,,,,,2006856.0,,,,,1.0,,1,,,
relative_trie,BenchmarkMonotoneHashWithTrieBuild,BenchmarkMonotoneHashWithTrieBuild/Keys=1048576-16,1048576.0,1277288750.0,422641944.0,26557954.0,,1.0,15.31,,,,,2006856.0,,,,,1.0,,1,,,
relative_trie,BenchmarkMonotoneHashWithTrieBuild,BenchmarkMonotoneHashWithTrieBuild/Keys=1048576-16,1048576.0,1320221667.0,422641976.0,26557954.0,,1.0,15.31,,,,,2006856.0,,,,,1.0,,1,,,
relative_trie,BenchmarkMonotoneHashWithTrieBuild,BenchmarkMonotoneHashWithTrieBuild/Keys=8388608-16,8388608.0,11517485750.0,3409047560.0,216277743.0,,1.0,15.3,,,,,16042056.0,,,,,1.0,,1,,,
relative_trie,BenchmarkMonotoneHashWithTrieBuild,BenchmarkMonotoneHashWithTrieBuild/Keys=8388608-16,8388608.0,11350712917.0,3409047768.0,216277744.0,,1.0,15.3,,,,,16042056.0,,,,,1.0,,1,,,
relative_trie,BenchmarkMonotoneHashWithTrieBuild,BenchmarkMonotoneHashWithTrieBuild/Keys=8388608-16,8388608.0,11561142958.0,3409047464.0,216277742.0,,1.0,15.3,,,,,16042056.0,,,,,1.0,,1,,,
relative_trie,BenchmarkMonotoneHashWithTrieBuild,BenchmarkMonotoneHashWithTrieBuild/Keys=8388608-16,8388608.0,11394402334.0,3409047576.0,216277743.0,,1.0,15.3,,,,,16042056.0,,,,,1.0,,1,,,
relative_trie,BenchmarkMonotoneHashWithTrieBuild,BenchmarkMonotoneHashWithTrieBuild/Keys=8388608-16,8388608.0,11028096417.0,3409047656.0,216277743.0,,1.0,15.3,,,,,16042056.0,,,,,1.0,,1,,,
relative_trie,BenchmarkMonotoneHashWithTrieLookup,BenchmarkMonotoneHashWithTrieLookup/Keys=32-16,32.0,272.4,182.0,9.0,,,,,,,,,,,,,,,4468519,,,
relative_trie,BenchmarkMonotoneHashWithTrieLookup,BenchmarkMonotoneHashWithTrieLookup/Keys=32-16,32.0,277.8,182.0,9.0,,,,,,,,,,,,,,,4519012,,,
relative_trie,BenchmarkMonotoneHashWithTrieLookup,BenchmarkMonotoneHashWithTrieLookup/Keys=32-16,32.0,280.1,182.0,9.0,,,,,,,,,,,,,,,4546878,,,
relative_trie,BenchmarkMonotoneHashWithTrieLookup,BenchmarkMonotoneHashWithTrieLookup/Keys=32-16,32.0,283.7,182.0,9.0,,,,,,,,,,,,,,,4451182,,,
relative_trie,BenchmarkMonotoneHashWithTrieLookup,BenchmarkMonotoneHashWithTrieLookup/Keys=32-16,32.0,335.7,182.0,9.0,,,,,,,,,,,,,,,4357508,,,
relative_trie,BenchmarkMonotoneHashWithTrieLookup,BenchmarkMonotoneHashWithTrieLookup/Keys=256-16,256.0,334.8,185.0,10.0,,,,,,,,,,,,,,,4352998,,,
relative_trie,BenchmarkMonotoneHashWithTrieLookup,BenchmarkMonotoneHashWithTrieLookup/Keys=256-16,256.0,303.9,185.0,10.0,,,,,,,,,,,,,,,4443669,,,
relative_trie,BenchmarkMonotoneHashWithTrieLookup,BenchmarkMonotoneHashWithTrieLookup/Keys=256-16,256.0,293.5,185.0,10.0,,,,,,,,,,,,,,,4221645,,,
relative_trie,BenchmarkMonotoneHashWithTrieLookup,BenchmarkMonotoneHashWithTrieLookup/Keys=256-16,256.0,324.1,185.0,10.0,,,,,,,,,,,,,,,4404573,,,
relative_trie,BenchmarkMonotoneHashWithTrieLookup,BenchmarkMonotoneHashWithTrieLookup/Keys=256-16,256.0,311.4,185.0,10.0,,,,,,,,,,,,,,,4146288,,,
relative_trie,BenchmarkMonotoneHashWithTrieLookup,BenchmarkMonotoneHashWithTrieLookup/Keys=1024-16,1024.0,398.4,219.0,11.0,,,,,,,,,,,,,,,2991630,,,
relative_trie,BenchmarkMonotoneHashWithTrieLookup,BenchmarkMonotoneHashWithTrieLookup/Keys=1024-16,1024.0,388.2,219.0,11.0,,,,,,,,,,,,,,,2920604,,,
relative_trie,BenchmarkMonotoneHashWithTrieLookup,BenchmarkMonotoneHashWithTrieLookup/Keys=1024-16,1024.0,395.9,219.0,11.0,,,,,,,,,,,,,,,3056770,,,
relative_trie,BenchmarkMonotoneHashWithTrieLookup,BenchmarkMonotoneHashWithTrieLookup/Keys=1024-16,1024.0,393.3,219.0,11.0,,,,,,,,,,,,,,,3019677,,,
relative_trie,BenchmarkMonotoneHashWithTrieLookup,BenchmarkMonotoneHashWithTrieLookup/Keys=1024-16,1024.0,443.5,219.0,11.0,,,,,,,,,,,,,,,3081696,,,
relative_trie,BenchmarkMonotoneHashWithTrieLookup,BenchmarkMonotoneHashWithTrieLookup/Keys=8192-16,8192.0,757.4,292.0,15.0,,,,,,,,,,,,,,,1897585,,,
relative_trie,BenchmarkMonotoneHashWithTrieLookup,BenchmarkMonotoneHashWithTrieLookup/Keys=8192-16,8192.0,654.0,292.0,15.0,,,,,,,,,,,,,,,1851327,,,
relative_trie,BenchmarkMonotoneHashWithTrieLookup,BenchmarkMonotoneHashWithTrieLookup/Keys=8192-16,8192.0,643.3,292.0,15.0,,,,,,,,,,,,,,,1859622,,,
relative_trie,BenchmarkMonotoneHashWithTrieLookup,BenchmarkMonotoneHashWithTrieLookup/Keys=8192-16,8192.0,650.9,292.0,15.0,,,,,,,,,,,,,,,1799209,,,
relative_trie,BenchmarkMonotoneHashWithTrieLookup,BenchmarkMonotoneHashWithTrieLookup/Keys=8192-16,8192.0,647.0,292.0,15.0,,,,,,,,,,,,,,,1625894,,,
relative_trie,BenchmarkMonotoneHashWithTrieLookup,BenchmarkMonotoneHashWithTrieLookup/Keys=32768-16,32768.0,791.6,335.0,17.0,,,,,,,,,,,,,,,1513230,,,
relative_trie,BenchmarkMonotoneHashWithTrieLookup,BenchmarkMonotoneHashWithTrieLookup/Keys=32768-16,32768.0,819.5,335.0,17.0,,,,,,,,,,,,,,,1223757,,,
relative_trie,BenchmarkMonotoneHashWithTrieLookup,BenchmarkMonotoneHashWithTrieLookup/Keys=32768-16,32768.0,795.7,335.0,17.0,,,,,,,,,,,,,,,1504454,,,
relative_trie,BenchmarkMonotoneHashWithTrieLookup,BenchmarkMonotoneHashWithTrieLookup/Keys=32768-16,32768.0,789.5,335.0,17.0,,,,,,,,,,,,,,,1509230,,,
relative_trie,BenchmarkMonotoneHashWithTrieLookup,BenchmarkMonotoneHashWithTrieLookup/Keys=32768-16,32768.0,807.1,335.0,17.0,,,,,,,,,,,,,,,1502869,,,
relative_trie,BenchmarkMonotoneHashWithTrieLookup,BenchmarkMonotoneHashWithTrieLookup/Keys=262144-16,262144.0,1085.0,369.0,23.0,,,,,,,,,,,,,,,1000000,,,
relative_trie,BenchmarkMonotoneHashWithTrieLookup,BenchmarkMonotoneHashWithTrieLookup/Keys=262144-16,262144.0,1002.0,369.0,23.0,,,,,,,,,,,,,,,1202838,,,
relative_trie,BenchmarkMonotoneHashWithTrieLookup,BenchmarkMonotoneHashWithTrieLookup/Keys=262144-16,262144.0,1004.0,369.0,23.0,,,,,,,,,,,,,,,1220686,,,
relative_trie,BenchmarkMonotoneHashWithTrieLookup,BenchmarkMonotoneHashWithTrieLookup/Keys=262144-16,262144.0,1062.0,369.0,23.0,,,,,,,,,,,,,,,1000000,,,
relative_trie,BenchmarkMonotoneHashWithTrieLookup,BenchmarkMonotoneHashWithTrieLookup/Keys=262144-16,262144.0,999.2,369.0,23.0,,,,,,,,,,,,,,,1230132,,,
relative_trie,BenchmarkMonotoneHashWithTrieLookup,BenchmarkMonotoneHashWithTrieLookup/Keys=1048576-16,1048576.0,1091.0,378.0,25.0,,,,,,,,,,,,,,,1210071,,,
relative_trie,BenchmarkMonotoneHashWithTrieLookup,BenchmarkMonotoneHashWithTrieLookup/Keys=1048576-16,1048576.0,1120.0,378.0,25.0,,,,,,,,,,,,,,,1000000,,,
relative_trie,BenchmarkMonotoneHashWithTrieLookup,BenchmarkMonotoneHashWithTrieLookup/Keys=1048576-16,1048576.0,1304.0,378.0,25.0,,,,,,,,,,,,,,,1000000,,,
relative_trie,BenchmarkMonotoneHashWithTrieLookup,BenchmarkMonotoneHashWithTrieLookup/Keys=1048576-16,1048576.0,1141.0,378.0,25.0,,,,,,,,,,,,,,,1194844,,,
relative_trie,BenchmarkMonotoneHashWithTrieLookup,BenchmarkMonotoneHashWithTrieLookup/Keys=1048576-16,1048576.0,1140.0,378.0,25.0,,,,,,,,,,,,,,,1000000,,,
relative_trie,BenchmarkMonotoneHashWithTrieLookup,BenchmarkMonotoneHashWithTrieLookup/Keys=8388608-16,8388608.0,1132.0,381.0,25.0,,,,,,,,,,,,,,,906835,,,
relative_trie,BenchmarkMonotoneHashWithTrieLookup,BenchmarkMonotoneHashWithTrieLookup/Keys=8388608-16,8388608.0,1183.0,381.0,25.0,,,,,,,,,,,,,,,981324,,,
relative_trie,BenchmarkMonotoneHashWithTrieLookup,BenchmarkMonotoneHashWithTrieLookup/Keys=8388608-16,8388608.0,1194.0,381.0,25.0,,,,,,,,,,,,,,,989840,,,
relative_trie,BenchmarkMonotoneHashWithTrieLookup,BenchmarkMonotoneHashWithTrieLookup/Keys=8388608-16,8388608.0,1217.0,381.0,25.0,,,,,,,,,,,,,,,1000000,,,
relative_trie,BenchmarkMonotoneHashWithTrieLookup,BenchmarkMonotoneHashWithTrieLookup/Keys=8388608-16,8388608.0,1154.0,381.0,25.0,,,,,,,,,,,,,,,1000000,,,
relative_trie,BenchmarkMonotoneHashWithTrieLookupMiss,BenchmarkMonotoneHashWithTrieLookupMiss/Keys=32-16,32.0,288.1,189.0,10.0,,,,,,,,,,,,,,,4234998,,,
relative_trie,BenchmarkMonotoneHashWithTrieLookupMiss,BenchmarkMonotoneHashWithTrieLookupMiss/Keys=32-16,32.0,284.4,187.0,10.0,,,,,,,,,,,,,,,4281538,,,
relative_trie,BenchmarkMonotoneHashWithTrieLookupMiss,BenchmarkMonotoneHashWithTrieLookupMiss/Keys=32-16,32.0,330.6,188.0,10.0,,,,,,,,,,,,,,,4409560,,,
relative_trie,BenchmarkMonotoneHashWithTrieLookupMiss,BenchmarkMonotoneHashWithTrieLookupMiss/Keys=32-16,32.0,284.4,187.0,10.0,,,,,,,,,,,,,,,4648389,,,
relative_trie,BenchmarkMonotoneHashWithTrieLookupMiss,BenchmarkMonotoneHashWithTrieLookupMiss/Keys=32-16,32.0,288.5,186.0,10.0,,,,,,,,,,,,,,,4324011,,,
relative_trie,BenchmarkMonotoneHashWithTrieLookupMiss,BenchmarkMonotoneHashWithTrieLookupMiss/Keys=256-16,256.0,279.3,185.0,10.0,,,,,,,,,,,,,,,3895069,,,
relative_trie,BenchmarkMonotoneHashWithTrieLookupMiss,BenchmarkMonotoneHashWithTrieLookupMiss/Keys=256-16,256.0,292.6,186.0,10.0,,,,,,,,,,,,,,,4242444,,,
relative_trie,BenchmarkMonotoneHashWithTrieLookupMiss,BenchmarkMonotoneHashWithTrieLookupMiss/Keys=256-16,256.0,351.6,186.0,10.0,,,,,,,,,,,,,,,4410679,,,
relative_trie,BenchmarkMonotoneHashWithTrieLookupMiss,BenchmarkMonotoneHashWithTrieLookupMiss/Keys=256-16,256.0,312.2,186.0,10.0,,,,,,,,,,,,,,,3786294,,,
relative_trie,BenchmarkMonotoneHashWithTrieLookupMiss,BenchmarkMonotoneHashWithTrieLookupMiss/Keys=256-16,256.0,295.7,186.0,10.0,,,,,,,,,,,,,,,3448647,,,
relative_trie,BenchmarkMonotoneHashWithTrieLookupMiss,BenchmarkMonotoneHashWithTrieLookupMiss/Keys=1024-16,1024.0,412.4,220.0,11.0,,,,,,,,,,,,,,,2941196,,,
relative_trie,BenchmarkMonotoneHashWithTrieLookupMiss,BenchmarkMonotoneHashWithTrieLookupMiss/Keys=1024-16,1024.0,459.0,218.0,11.0,,,,,,,,,,,,,,,2883860,,,
relative_trie,BenchmarkMonotoneHashWithTrieLookupMiss,BenchmarkMonotoneHashWithTrieLookupMiss/Keys=1024-16,1024.0,421.9,223.0,12.0,,,,,,,,,,,,,,,2784870,,,
relative_trie,BenchmarkMonotoneHashWithTrieLookupMiss,BenchmarkMonotoneHashWithTrieLookupMiss/Keys=1024-16,1024.0,458.2,222.0,12.0,,,,,,,,,,,,,,,2696690,,,
relative_trie,BenchmarkMonotoneHashWithTrieLookupMiss,BenchmarkMonotoneHashWithTrieLookupMiss/Keys=1024-16,1024.0,456.0,219.0,11.0,,,,,,,,,,,,,,,2902969,,,
relative_trie,BenchmarkMonotoneHashWithTrieLookupMiss,BenchmarkMonotoneHashWithTrieLookupMiss/Keys=8192-16,8192.0,668.4,293.0,15.0,,,,,,,,,,,,,,,1799628,,,
relative_trie,BenchmarkMonotoneHashWithTrieLookupMiss,BenchmarkMonotoneHashWithTrieLookupMiss/Keys=8192-16,8192.0,670.3,296.0,15.0,,,,,,,,,,,,,,,1805860,,,
relative_trie,BenchmarkMonotoneHashWithTrieLookupMiss,BenchmarkMonotoneHashWithTrieLookupMiss/Keys=8192-16,8192.0,691.8,297.0,15.0,,,,,,,,,,,,,,,1464408,,,
relative_trie,BenchmarkMonotoneHashWithTrieLookupMiss,BenchmarkMonotoneHashWithTrieLookupMiss/Keys=8192-16,8192.0,664.9,293.0,15.0,,,,,,,,,,,,,,,1827819,,,
relative_trie,BenchmarkMonotoneHashWithTrieLookupMiss,BenchmarkMonotoneHashWithTrieLookupMiss/Keys=8192-16,8192.0,707.6,293.0,15.0,,,,,,,,,,,,,,,1777515,,,
relative_trie,BenchmarkMonotoneHashWithTrieLookupMiss,BenchmarkMonotoneHashWithTrieLookupMiss/Keys=32768-16,32768.0,794.8,334.0,17.0,,,,,,,,,,,,,,,1298044,,,
relative_trie,BenchmarkMonotoneHashWithTrieLookupMiss,BenchmarkMonotoneHashWithTrieLookupMiss/Keys=32768-16,32768.0,813.5,333.0,17.0,,,,,,,,,,,,,,,1406451,,,
relative_trie,BenchmarkMonotoneHashWithTrieLookupMiss,BenchmarkMonotoneHashWithTrieLookupMiss/Keys=32768-16,32768.0,928.6,341.0,17.0,,,,,,,,,,,,,,,1427258,,,
relative_trie,BenchmarkMonotoneHashWithTrieLookupMiss,BenchmarkMonotoneHashWithTrieLookupMiss/Keys=32768-16,32768.0,812.2,339.0,17.0,,,,,,,,,,,,,,,1488447,,,
relative_trie,BenchmarkMonotoneHashWithTrieLookupMiss,BenchmarkMonotoneHashWithTrieLookupMiss/Keys=32768-16,32768.0,821.9,336.0,17.0,,,,,,,,,,,,,,,1453338,,,
relative_trie,BenchmarkMonotoneHashWithTrieLookupMiss,BenchmarkMonotoneHashWithTrieLookupMiss/Keys=262144-16,262144.0,1020.0,370.0,23.0,,,,,,,,,,,,,,,1000000,,,
relative_trie,BenchmarkMonotoneHashWithTrieLookupMiss,BenchmarkMonotoneHashWithTrieLookupMiss/Keys=262144-16,262144.0,1023.0,369.0,23.0,,,,,,,,,,,,,,,1000000,,,
relative_trie,BenchmarkMonotoneHashWithTrieLookupMiss,BenchmarkMonotoneHashWithTrieLookupMiss/Keys=262144-16,262144.0,1026.0,371.0,23.0,,,,,,,,,,,,,,,1000000,,,
relative_trie,BenchmarkMonotoneHashWithTrieLookupMiss,BenchmarkMonotoneHashWithTrieLookupMiss/Keys=262144-16,262144.0,1138.0,373.0,23.0,,,,,,,,,,,,,,,1000000,,,
relative_trie,BenchmarkMonotoneHashWithTrieLookupMiss,BenchmarkMonotoneHashWithTrieLookupMiss/Keys=262144-16,262144.0,1038.0,369.0,23.0,,,,,,,,,,,,,,,1000000,,,
relative_trie,BenchmarkMonotoneHashWithTrieLookupMiss,BenchmarkMonotoneHashWithTrieLookupMiss/Keys=1048576-16,1048576.0,1020.0,382.0,25.0,,,,,,,,,,,,,,,1000000,,,
relative_trie,BenchmarkMonotoneHashWithTrieLookupMiss,BenchmarkMonotoneHashWithTrieLookupMiss/Keys=1048576-16,1048576.0,1008.0,376.0,25.0,,,,,,,,,,,,,,,1000000,,,
relative_trie,BenchmarkMonotoneHashWithTrieLookupMiss,BenchmarkMonotoneHashWithTrieLookupMiss/Keys=1048576-16,1048576.0,1022.0,381.0,25.0,,,,,,,,,,,,,,,1000000,,,
relative_trie,BenchmarkMonotoneHashWithTrieLookupMiss,BenchmarkMonotoneHashWithTrieLookupMiss/Keys=1048576-16,1048576.0,1011.0,380.0,25.0,,,,,,,,,,,,,,,1000000,,,
relative_trie,BenchmarkMonotoneHashWithTrieLookupMiss,BenchmarkMonotoneHashWithTrieLookupMiss/Keys=1048576-16,1048576.0,1162.0,381.0,25.0,,,,,,,,,,,,,,,1220143,,,
relative_trie,BenchmarkMonotoneHashWithTrieLookupMiss,BenchmarkMonotoneHashWithTrieLookupMiss/Keys=8388608-16,8388608.0,1077.0,383.0,25.0,,,,,,,,,,,,,,,1000000,,,
relative_trie,BenchmarkMonotoneHashWithTrieLookupMiss,BenchmarkMonotoneHashWithTrieLookupMiss/Keys=8388608-16,8388608.0,1159.0,382.0,25.0,,,,,,,,,,,,,,,1000000,,,
relative_trie,BenchmarkMonotoneHashWithTrieLookupMiss,BenchmarkMonotoneHashWithTrieLookupMiss/Keys=8388608-16,8388608.0,1156.0,384.0,25.0,,,,,,,,,,,,,,,1000000,,,
relative_trie,BenchmarkMonotoneHashWithTrieLookupMiss,BenchmarkMonotoneHashWithTrieLookupMiss/Keys=8388608-16,8388608.0,1149.0,381.0,25.0,,,,,,,,,,,,,,,1000000,,,
relative_trie,BenchmarkMonotoneHashWithTrieLookupMiss,BenchmarkMonotoneHashWithTrieLookupMiss/Keys=8388608-16,8388608.0,1053.0,382.0,25.0,,,,,,,,,,,,,,,1000000,,,
relative_trie,BenchmarkTrieRebuilds,BenchmarkTrieRebuilds/Keys=1024-16,1024.0,403047.0,253304.0,12340.0,1.0,,,,,,,,,,,0.0,,,3153,3153.0,,
relative_trie,BenchmarkTrieRebuilds,BenchmarkTrieRebuilds/Keys=1024-16,1024.0,413707.0,253304.0,12340.0,1.0,,,,,,,,,,,0.0,,,3186,3186.0,,
relative_trie,BenchmarkTrieRebuilds,BenchmarkTrieRebuilds/Keys=1024-16,1024.0,415643.0,253304.0,12340.0,1.0,,,,,,,,,,,0.0,,,3190,3190.0,,
relative_trie,BenchmarkTrieRebuilds,BenchmarkTrieRebuilds/Keys=1024-16,1024.0,417503.0,253304.0,12340.0,1.0,,,,,,,,,,,0.0,,,3213,3213.0,,
relative_trie,BenchmarkTrieRebuilds,BenchmarkTrieRebuilds/Keys=1024-16,1024.0,412899.0,253304.0,12340.0,1.0,,,,,,,,,,,0.0,,,3182,3182.0,,
relative_trie,BenchmarkTrieRebuilds,BenchmarkTrieRebuilds/Keys=8192-16,8192.0,5231535.0,2607560.0,127819.0,1.0,,,,,,,,,,,0.0,,,230,230.0,,
relative_trie,BenchmarkTrieRebuilds,BenchmarkTrieRebuilds/Keys=8192-16,8192.0,5172122.0,2607560.0,127819.0,1.0,,,,,,,,,,,0.0,,,229,229.0,,
relative_trie,BenchmarkTrieRebuilds,BenchmarkTrieRebuilds/Keys=8192-16,8192.0,5361458.0,2607560.0,127819.0,1.0,,,,,,,,,,,0.0,,,230,230.0,,
relative_trie,BenchmarkTrieRebuilds,BenchmarkTrieRebuilds/Keys=8192-16,8192.0,5187809.0,2607560.0,127819.0,1.0,,,,,,,,,,,0.0,,,230,230.0,,
relative_trie,BenchmarkTrieRebuilds,BenchmarkTrieRebuilds/Keys=8192-16,8192.0,5243716.0,2607560.0,127819.0,1.0,,,,,,,,,,,0.0,,,232,232.0,,
relative_trie,BenchmarkTrieRebuilds,BenchmarkTrieRebuilds/Keys=32768-16,32768.0,26818902.0,11796354.0,576958.0,1.0,,,,,,,,,,,0.0,,,45,45.0,,
relative_trie,BenchmarkTrieRebuilds,BenchmarkTrieRebuilds/Keys=32768-16,32768.0,27649264.0,11796354.0,576958.0,1.0,,,,,,,,,,,0.0,,,46,46.0,,
relative_trie,BenchmarkTrieRebuilds,BenchmarkTrieRebuilds/Keys=32768-16,32768.0,26876807.0,11796353.0,576958.0,1.0,,,,,,,,,,,0.0,,,44,44.0,,
relative_trie,BenchmarkTrieRebuilds,BenchmarkTrieRebuilds/Keys=32768-16,32768.0,27067989.0,11796353.0,576958.0,1.0,,,,,,,,,,,0.0,,,45,45.0,,
relative_trie,BenchmarkTrieRebuilds,BenchmarkTrieRebuilds/Keys=32768-16,32768.0,26997594.0,11796352.0,576958.0,1.0,,,,,,,,,,,0.0,,,45,45.0,,
relative_trie,BenchmarkMonotoneHashWithTrieMemory,BenchmarkMonotoneHashWithTrieMemory/Keys=32-16,32.0,18516.0,13368.0,366.0,,,,,58.25,112.0,256.0,,,9.0,104.0,,,1.0,67521,,233.0,44.64
relative_trie,BenchmarkMonotoneHashWithTrieMemory,BenchmarkMonotoneHashWithTrieMemory/Keys=32-16,32.0,18536.0,13368.0,366.0,,,,,58.25,112.0,256.0,,,9.0,104.0,,,1.0,67119,,233.0,44.64
relative_trie,BenchmarkMonotoneHashWithTrieMemory,BenchmarkMonotoneHashWithTrieMemory/Keys=32-16,32.0,18563.0,13368.0,366.0,,,,,58.25,112.0,256.0,,,9.0,104.0,,,1.0,67822,,233.0,44.64
relative_trie,BenchmarkMonotoneHashWithTrieMemory,BenchmarkMonotoneHashWithTrieMemory/Keys=32-16,32.0,18800.0,13368.0,366.0,,,,,58.25,112.0,256.0,,,9.0,104.0,,,1.0,64240,,233.0,44.64
relative_trie,BenchmarkMonotoneHashWithTrieMemory,BenchmarkMonotoneHashWithTrieMemory/Keys=32-16,32.0,19141.0,13368.0,366.0,,,,,58.25,112.0,256.0,,,9.0,104.0,,,1.0,65850,,233.0,44.64
relative_trie,BenchmarkMonotoneHashWithTrieMemory,BenchmarkMonotoneHashWithTrieMemory/Keys=256-16,256.0,84513.0,59008.0,2635.0,,,,,17.78,448.0,256.0,,,9.0,104.0,,,1.0,14756,,569.0,18.28
relative_trie,BenchmarkMonotoneHashWithTrieMemory,BenchmarkMonotoneHashWithTrieMemory/Keys=256-16,256.0,81887.0,59008.0,2635.0,,,,,17.78,448.0,256.0,,,9.0,104.0,,,1.0,14654,,569.0,18.28
relative_trie,BenchmarkMonotoneHashWithTrieMemory,BenchmarkMonotoneHashWithTrieMemory/Keys=256-16,256.0,80258.0,59008.0,2635.0,,,,,17.78,448.0,256.0,,,9.0,104.0,,,1.0,14685,,569.0,18.28
relative_trie,BenchmarkMonotoneHashWithTrieMemory,BenchmarkMonotoneHashWithTrieMemory/Keys=256-16,256.0,81151.0,59008.0,2635.0,,,,,17.78,448.0,256.0,,,9.0,104.0,,,1.0,14785,,569.0,18.28
relative_trie,BenchmarkMonotoneHashWithTrieMemory,BenchmarkMonotoneHashWithTrieMemory/Keys=256-16,256.0,83161.0,59008.0,2635.0,,,,,17.78,448.0,256.0,,,9.0,104.0,,,1.0,14901,,569.0,18.28
relative_trie,BenchmarkMonotoneHashWithTrieMemory,BenchmarkMonotoneHashWithTrieMemory/Keys=1024-16,1024.0,423312.0,253304.0,12340.0,,,,,15.41,1616.0,256.0,,,36.0,312.0,,,4.0,3104,,1972.0,15.82
relative_trie,BenchmarkMonotoneHashWithTrieMemory,BenchmarkMonotoneHashWithTrieMemory/Keys=1024-16,1024.0,409606.0,253304.0,12340.0,,,,,15.41,1616.0,256.0,,,36.0,312.0,,,4.0,3110,,1972.0,15.82
relative_trie,BenchmarkMonotoneHashWithTrieMemory,BenchmarkMonotoneHashWithTrieMemory/Keys=1024-16,1024.0,406362.0,253304.0,12340.0,,,,,15.41,1616.0,256.0,,,36.0,312.0,,,4.0,3171,,1972.0,15.82
relative_trie,BenchmarkMonotoneHashWithTrieMemory,BenchmarkMonotoneHashWithTrieMemory/Keys=1024-16,1024.0,408068.0,253304.0,12340.0,,,,,15.41,1616.0,256.0,,,36.0,312.0,,,4.0,3205,,1972.0,15.82
relative_trie,BenchmarkMonotoneHashWithTrieMemory,BenchmarkMonotoneHashWithTrieMemory/Keys=1024-16,1024.0,413808.0,253304.0,12340.0,,,,,15.41,1616.0,256.0,,,36.0,312.0,,,4.0,3091,,1972.0,15.82
relative_trie,BenchmarkMonotoneHashWithTrieMemory,BenchmarkMonotoneHashWithTrieMemory/Keys=8192-16,8192.0,5198725.0,2607560.0,127819.0,,,,,15.41,13360.0,256.0,,,288.0,2128.0,,,32.0,231,,15784.0,13.48
relative_trie,BenchmarkMonotoneHashWithTrieMemory,BenchmarkMonotoneHashWithTrieMemory/Keys=8192-16,8192.0,5260204.0,2607560.0,127819.0,,,,,15.41,13360.0,256.0,,,288.0,2128.0,,,32.0,228,,15784.0,13.48
relative_trie,BenchmarkMonotoneHashWithTrieMemory,BenchmarkMonotoneHashWithTrieMemory/Keys=8192-16,8192.0,5183081.0,2607560.0,127819.0,,,,,15.41,13360.0,256.0,,,288.0,2128.0,,,32.0,232,,15784.0,13.48
relative_trie,BenchmarkMonotoneHashWithTrieMemory,BenchmarkMonotoneHashWithTrieMemory/Keys=8192-16,8192.0,5321625.0,2607560.0,127819.0,,,,,15.41,13360.0,256.0,,,288.0,2128.0,,,32.0,232,,15784.0,13.48
relative_trie,BenchmarkMonotoneHashWithTrieMemory,BenchmarkMonotoneHashWithTrieMemory/Keys=8192-16,8192.0,5224699.0,2607560.0,127819.0,,,,,15.41,13360.0,256.0,,,288.0,2128.0,,,32.0,229,,15784.0,13.48
relative_trie,BenchmarkMonotoneHashWithTrieMemory,BenchmarkMonotoneHashWithTrieMemory/Keys=32768-16,32768.0,27676480.0,11796355.0,576958.0,,,,,15.24,52888.0,256.0,,,1152.0,8368.0,,,128.0,45,,62416.0,13.41
relative_trie,BenchmarkMonotoneHashWithTrieMemory,BenchmarkMonotoneHashWithTrieMemory/Keys=32768-16,32768.0,27863281.0,11796355.0,576958.0,,,,,15.24,52888.0,256.0,,,1152.0,8368.0,,,128.0,43,,62416.0,13.41
relative_trie,BenchmarkMonotoneHashWithTrieMemory,BenchmarkMonotoneHashWithTrieMemory/Keys=32768-16,32768.0,27480038.0,11796352.0,576958.0,,,,,15.24,52888.0,256.0,,,1152.0,8368.0,,,128.0,44,,62416.0,13.41
relative_trie,BenchmarkMonotoneHashWithTrieMemory,BenchmarkMonotoneHashWithTrieMemory/Keys=32768-16,32768.0,28468521.0,11796353.0,576958.0,,,,,15.24,52888.0,256.0,,,1152.0,8368.0,,,128.0,43,,62416.0,13.41
relative_trie,BenchmarkMonotoneHashWithTrieMemory,BenchmarkMonotoneHashWithTrieMemory/Keys=32768-16,32768.0,27733448.0,11796352.0,576958.0,,,,,15.24,52888.0,256.0,,,1152.0,8368.0,,,128.0,45,,62416.0,13.41
relative_trie,BenchmarkMonotoneHashWithTrieMemory,BenchmarkMonotoneHashWithTrieMemory/Keys=262144-16,262144.0,269562396.0,103482980.0,6188827.0,,,,,15.31,425848.0,256.0,,,9216.0,66720.0,,,1024.0,4,,501792.0,13.3
relative_trie,BenchmarkMonotoneHashWithTrieMemory,BenchmarkMonotoneHashWithTrieMemory/Keys=262144-16,262144.0,279206479.0,103483000.0,6188827.0,,,,,15.31,425848.0,256.0,,,9216.0,66720.0,,,1024.0,4,,501792.0,13.3
relative_trie,BenchmarkMonotoneHashWithTrieMemory,BenchmarkMonotoneHashWithTrieMemory/Keys=262144-16,262144.0,276924771.0,103482984.0,6188827.0,,,,,15.31,425848.0,256.0,,,9216.0,66720.0,,,1024.0,4,,501792.0,13.3
relative_trie,BenchmarkMonotoneHashWithTrieMemory,BenchmarkMonotoneHashWithTrieMemory/Keys=262144-16,262144.0,268567250.0,103482980.0,6188827.0,,,,,15.31,425848.0,256.0,,,9216.0,66720.0,,,1024.0,4,,501792.0,13.3
relative_trie,BenchmarkMonotoneHashWithTrieMemory,BenchmarkMonotoneHashWithTrieMemory/Keys=262144-16,262144.0,267718219.0,103482980.0,6188827.0,,,,,15.31,425848.0,256.0,,,9216.0,66720.0,,,1024.0,4,,501792.0,13.3
relative_trie,BenchmarkMonotoneHashWithTrieMemory,BenchmarkMonotoneHashWithTrieMemory/Keys=1048576-16,1048576.0,1165430375.0,422641992.0,26557954.0,,,,,15.31,1703984.0,256.0,,,36864.0,266000.0,,,4096.0,1,,2006856.0,13.25
relative_trie,BenchmarkMonotoneHashWithTrieMemory,BenchmarkMonotoneHashWithTrieMemory/Keys=1048576-16,1048576.0,1200700208.0,422641976.0,26557954.0,,,,,15.31,1703984.0,256.0,,,36864.0,266000.0,,,4096.0,1,,2006856.0,13.25
relative_trie,BenchmarkMonotoneHashWithTrieMemory,BenchmarkMonotoneHashWithTrieMemory/Keys=1048576-16,1048576.0,1178391125.0,422641944.0,26557954.0,,,,,15.31,1703984.0,256.0,,,36864.0,266000.0,,,4096.0,1,,2006856.0,13.25
relative_trie,BenchmarkMonotoneHashWithTrieMemory,BenchmarkMonotoneHashWithTrieMemory/Keys=1048576-16,1048576.0,1174350750.0,422642072.0,26557955.0,,,,,15.31,1703984.0,256.0,,,36864.0,266000.0,,,4096.0,1,,2006856.0,13.25
relative_trie,BenchmarkMonotoneHashWithTrieMemory,BenchmarkMonotoneHashWithTrieMemory/Keys=1048576-16,1048576.0,1166475875.0,422641960.0,26557954.0,,,,,15.31,1703984.0,256.0,,,36864.0,266000.0,,,4096.0,1,,2006856.0,13.25
relative_trie,BenchmarkMonotoneHashWithTrieMemory,BenchmarkMonotoneHashWithTrieMemory/Keys=8388608-16,8388608.0,9942708125.0,3409047496.0,216277742.0,,,,,15.3,13619848.0,256.0,,,294912.0,2127288.0,,,32768.0,1,,16042056.0,13.26
relative_trie,BenchmarkMonotoneHashWithTrieMemory,BenchmarkMonotoneHashWithTrieMemory/Keys=8388608-16,8388608.0,9884643625.0,3409047752.0,216277744.0,,,,,15.3,13619848.0,256.0,,,294912.0,2127288.0,,,32768.0,1,,16042056.0,13.26
relative_trie,BenchmarkMonotoneHashWithTrieMemory,BenchmarkMonotoneHashWithTrieMemory/Keys=8388608-16,8388608.0,10007241000.0,3409047544.0,216277743.0,,,,,15.3,13619848.0,256.0,,,294912.0,2127288.0,,,32768.0,1,,16042056.0,13.26
relative_trie,BenchmarkMonotoneHashWithTrieMemory,BenchmarkMonotoneHashWithTrieMemory/Keys=8388608-16,8388608.0,10011382250.0,3409047544.0,216277742.0,,,,,15.3,13619848.0,256.0,,,294912.0,2127288.0,,,32768.0,1,,16042056.0,13.26
relative_trie,BenchmarkMonotoneHashWithTrieMemory,BenchmarkMonotoneHashWithTrieMemory/Keys=8388608-16,8388608.0,10024704291.0,3409047608.0,216277742.0,,,,,15.3,13619848.0,256.0,,,294912.0,2127288.0,,,32768.0,1,,16042056.0,13.26
relative_trie,BenchmarkBucketLookupScaling,BenchmarkBucketLookupScaling/Keys=1000-16,1000.0,488.3,272.0,15.0,,,,,,,,,,,,,,,4053045,,,
relative_trie,BenchmarkBucketLookupScaling,BenchmarkBucketLookupScaling/Keys=1000-16,1000.0,331.1,208.0,11.0,,,,,,,,,,,,,,,3879556,,,
relative_trie,BenchmarkBucketLookupScaling,BenchmarkBucketLookupScaling/Keys=1000-16,1000.0,327.3,208.0,11.0,,,,,,,,,,,,,,,3977497,,,
relative_trie,BenchmarkBucketLookupScaling,BenchmarkBucketLookupScaling/Keys=1000-16,1000.0,492.0,264.0,14.0,,,,,,,,,,,,,,,3022516,,,
relative_trie,BenchmarkBucketLookupScaling,BenchmarkBucketLookupScaling/Keys=1000-16,1000.0,398.9,232.0,12.0,,,,,,,,,,,,,,,3001430,,,
relative_trie,BenchmarkBucketLookupScaling,BenchmarkBucketLookupScaling/Keys=5000-16,5000.0,465.1,264.0,14.0,,,,,,,,,,,,,,,2590447,,,
relative_trie,BenchmarkBucketLookupScaling,BenchmarkBucketLookupScaling/Keys=5000-16,5000.0,388.5,232.0,12.0,,,,,,,,,,,,,,,3840590,,,
relative_trie,BenchmarkBucketLookupScaling,BenchmarkBucketLookupScaling/Keys=5000-16,5000.0,555.3,288.0,15.0,,,,,,,,,,,,,,,2103985,,,
relative_trie,BenchmarkBucketLookupScaling,BenchmarkBucketLookupScaling/Keys=5000-16,5000.0,731.8,360.0,19.0,,,,,,,,,,,,,,,1705334,,,
relative_trie,BenchmarkBucketLookupScaling,BenchmarkBucketLookupScaling/Keys=5000-16,5000.0,421.5,240.0,13.0,,,,,,,,,,,,,,,2965892,,,
relative_trie,BenchmarkBucketLookupScaling,BenchmarkBucketLookupScaling/Keys=10000-16,10000.0,548.3,288.0,15.0,,,,,,,,,,,,,,,2484830,,,
relative_trie,BenchmarkBucketLookupScaling,BenchmarkBucketLookupScaling/Keys=10000-16,10000.0,594.8,304.0,17.0,,,,,,,,,,,,,,,2070613,,,
relative_trie,BenchmarkBucketLookupScaling,BenchmarkBucketLookupScaling/Keys=10000-16,10000.0,551.3,280.0,14.0,,,,,,,,,,,,,,,2319264,,,
relative_trie,BenchmarkBucketLookupScaling,BenchmarkBucketLookupScaling/Keys=10000-16,10000.0,654.3,328.0,17.0,,,,,,,,,,,,,,,1925049,,,
relative_trie,BenchmarkBucketLookupScaling,BenchmarkBucketLookupScaling/Keys=10000-16,10000.0,650.8,336.0,18.0,,,,,,,,,,,,,,,1946928,,,
