E_bits,I_bits,S_bits,allocs_per_op,avg_attempts_per_success,avg_trie_attempts,benchmark,bits_key,bits_key_in_mem,bits_per_key,bucket_overhead_bytes,bucket_size,bytes_in_mem,bytes_per_op,compact_bits_key,delimiter_storage_bytes,exact_trie_bytes,failed_builds,fast_bits_key,fast_vs_compact_ratio,full_name,keys,keysize,l,max_trie_attempts,n,ns_per_op,num_buckets,samples_count,successful_builds,total_bytes,trie_percent_of_total
,,,13782.0,,,BenchmarkHZFTBuild_Heavy,,,,,,,2116283.0,,,,,,,BenchmarkHZFTBuild_Heavy/KeySize=64/Keys=1024,1024.0,64.0,,,,4863957.0,,733,,,
,,,105852.0,,,BenchmarkHZFTBuild_Heavy,,,,,,,16971665.0,,,,,,,BenchmarkHZFTBuild_Heavy/KeySize=64/Keys=8192,8192.0,64.0,,,,48831572.0,,74,,,
,,,422468.0,,,BenchmarkHZFTBuild_Heavy,,,,,,,68875147.0,,,,,,,BenchmarkHZFTBuild_Heavy/KeySize=64/Keys=32768,32768.0,64.0,,,,219814766.0,,14,,,
,,,13808.0,,,BenchmarkHZFTBuild_Heavy,,,,,,,2570833.0,,,,,,,BenchmarkHZFTBuild_Heavy/KeySize=128/Keys=1024,1024.0,128.0,,,,6481570.0,,558,,,
,,,105923.0,,,BenchmarkHZFTBuild_Heavy,,,,,,,18081856.0,,,,,,,BenchmarkHZFTBuild_Heavy/KeySize=128/Keys=8192,8192.0,128.0,,,,50542994.0,,62,,,
,,,422087.0,,,BenchmarkHZFTBuild_Heavy,,,,,,,73311278.0,,,,,,,BenchmarkHZFTBuild_Heavy/KeySize=128/Keys=32768,32768.0,128.0,,,,235936189.0,,13,,,
,,,13855.0,,,BenchmarkHZFTBuild_Heavy,,,,,,,3256985.0,,,,,,,BenchmarkHZFTBuild_Heavy/KeySize=256/Keys=1024,1024.0,256.0,,,,7142478.0,,498,,,
,,,106035.0,,,BenchmarkHZFTBuild_Heavy,,,,,,,26440548.0,,,,,,,BenchmarkHZFTBuild_Heavy/KeySize=256/Keys=8192,8192.0,256.0,,,,65321731.0,,57,,,
,,,423220.0,,,BenchmarkHZFTBuild_Heavy,,,,,,,106497833.0,,,,,,,BenchmarkHZFTBuild_Heavy/KeySize=256/Keys=32768,32768.0,256.0,,,,314139095.0,,10,,,
,,,5195.0,,,BenchmarkHZFTBuild_Streaming,,,,,,,1477762.0,,,,,,,BenchmarkHZFTBuild_Streaming/KeySize=64/Keys=1024,1024.0,64.0,,,,3213860.0,,1182,,,
,,,37142.0,,,BenchmarkHZFTBuild_Streaming,,,,,,,11836760.0,,,,,,,BenchmarkHZFTBuild_Streaming/KeySize=64/Keys=8192,8192.0,64.0,,,,30071405.0,,100,,,
,,,147650.0,,,BenchmarkHZFTBuild_Streaming,,,,,,,48324099.0,,,,,,,BenchmarkHZFTBuild_Streaming/KeySize=64/Keys=32768,32768.0,64.0,,,,137202838.0,,26,,,
,,,5231.0,,,BenchmarkHZFTBuild_Streaming,,,,,,,1935289.0,,,,,,,BenchmarkHZFTBuild_Streaming/KeySize=128/Keys=1024,1024.0,128.0,,,,4491907.0,,807,,,
,,,37132.0,,,BenchmarkHZFTBuild_Streaming,,,,,,,12979014.0,,,,,,,BenchmarkHZFTBuild_Streaming/KeySize=128/Keys=8192,8192.0,128.0,,,,35335120.0,,99,,,
,,,147307.0,,,BenchmarkHZFTBuild_Streaming,,,,,,,52681123.0,,,,,,,BenchmarkHZFTBuild_Streaming/KeySize=128/Keys=32768,32768.0,128.0,,,,151790875.0,,21,,,
,,,5302.0,,,BenchmarkHZFTBuild_Streaming,,,,,,,2618737.0,,,,,,,BenchmarkHZFTBuild_Streaming/KeySize=256/Keys=1024,1024.0,256.0,,,,5537036.0,,680,,,
,,,37263.0,,,BenchmarkHZFTBuild_Streaming,,,,,,,21285629.0,,,,,,,BenchmarkHZFTBuild_Streaming/KeySize=256/Keys=8192,8192.0,256.0,,,,47479475.0,,73,,,
,,,148360.0,,,BenchmarkHZFTBuild_Streaming,,,,,,,86026753.0,,,,,,,BenchmarkHZFTBuild_Streaming/KeySize=256/Keys=32768,32768.0,256.0,,,,227306223.0,,15,,,
,,,5094.0,,,BenchmarkStreamingVsHeavy,,,,,,,1476953.0,,,,,,,BenchmarkStreamingVsHeavy/Heavy,,,,,,3088960.0,,1128,,,
,,,5094.0,,,BenchmarkStreamingVsHeavy,,,,,,,1476954.0,,,,,,,BenchmarkStreamingVsHeavy/Streaming,,,,,,2917695.0,,1219,,,
,,,7554.0,,,BenchmarkMemoryAlloc_Heavy,,,,,,,3634615.0,,,,,,,BenchmarkMemoryAlloc_Heavy,,,,,,4903916.0,,710,,,
,,,7553.0,,,BenchmarkMemoryAlloc_Streaming,,,,,,,3626350.0,,,,,,,BenchmarkMemoryAlloc_Streaming,,,,,,5221781.0,,734,,,
8.0,8.0,16.0,1262.0,,,BenchmarkRangeLocatorBuild,,,98.0,,,,74616.0,,,,,,,BenchmarkRangeLocatorBuild/KeySize=64/Keys=32,32.0,64.0,,,,220134.0,,16543,,392.0,
8.0,8.0,16.0,11179.0,,,BenchmarkRangeLocatorBuild,,,68.28,,,,581440.0,,,,,,,BenchmarkRangeLocatorBuild/KeySize=64/Keys=256,256.0,64.0,,,,1944659.0,,1882,,2185.0,
8.0,8.0,16.0,53364.0,,,BenchmarkRangeLocatorBuild,,,66.49,,,,2370227.0,,,,,,,BenchmarkRangeLocatorBuild/KeySize=64/Keys=1024,1024.0,64.0,,,,8748777.0,,428,,8511.0,
8.0,16.0,16.0,463105.0,,,BenchmarkRangeLocatorBuild,,,66.6,,,,19179401.0,,,,,,,BenchmarkRangeLocatorBuild/KeySize=64/Keys=8192,8192.0,64.0,,,,83863659.0,,42,,68198.0,
8.0,16.0,16.0,1863114.0,,,BenchmarkRangeLocatorBuild,,,66.2,,,,76827264.0,,,,,,,BenchmarkRangeLocatorBuild/KeySize=64/Keys=32768,32768.0,64.0,,,,386350452.0,,8,,271145.0,
8.0,16.0,16.0,16236362.0,,,BenchmarkRangeLocatorBuild,,,65.93,,,,625419456.0,,,,,,,BenchmarkRangeLocatorBuild/KeySize=64/Keys=262144,262144.0,64.0,,,,3891032204.0,,1,,2160302.0,
8.0,8.0,16.0,1251.0,,,BenchmarkRangeLocatorBuild,,,95.5,,,,75224.0,,,,,,,BenchmarkRangeLocatorBuild/KeySize=128/Keys=32,32.0,128.0,,,,243791.0,,14472,,382.0,
8.0,8.0,16.0,11134.0,,,BenchmarkRangeLocatorBuild,,,68.62,,,,587312.0,,,,,,,BenchmarkRangeLocatorBuild/KeySize=128/Keys=256,256.0,128.0,,,,2139897.0,,1575,,2196.0,
8.0,8.0,16.0,54753.0,,,BenchmarkRangeLocatorBuild,,,66.48,,,,2411078.0,,,,,,,BenchmarkRangeLocatorBuild/KeySize=128/Keys=1024,1024.0,128.0,,,,10464462.0,,334,,8509.0,
8.0,16.0,16.0,508798.0,,,BenchmarkRangeLocatorBuild,,,66.91,,,,19832100.0,,,,,,,BenchmarkRangeLocatorBuild/KeySize=128/Keys=8192,8192.0,128.0,,,,92185897.0,,39,,68518.0,
8.0,16.0,16.0,2611932.0,,,BenchmarkRangeLocatorBuild,,,66.98,,,,84949114.0,,,,,,,BenchmarkRangeLocatorBuild/KeySize=128/Keys=32768,32768.0,128.0,,,,458086871.0,,8,,274365.0,
8.0,16.0,16.0,199955002.0,,,BenchmarkRangeLocatorBuild,,,66.8,,,,2538548120.0,,,,,,,BenchmarkRangeLocatorBuild/KeySize=128/Keys=262144,262144.0,128.0,,,,19592465113.0,,1,,2188869.0,
16.0,8.0,16.0,1301.0,,,BenchmarkRangeLocatorBuild,,,100.2,,,,79032.0,,,,,,,BenchmarkRangeLocatorBuild/KeySize=256/Keys=32,32.0,256.0,,,,270597.0,,13448,,401.0,
16.0,8.0,16.0,11881.0,,,BenchmarkRangeLocatorBuild,,,73.12,,,,625520.0,,,,,,,BenchmarkRangeLocatorBuild/KeySize=256/Keys=256,256.0,256.0,,,,2412525.0,,1412,,2340.0,
16.0,8.0,16.0,55933.0,,,BenchmarkRangeLocatorBuild,,,68.75,,,,2535673.0,,,,,,,BenchmarkRangeLocatorBuild/KeySize=256/Keys=1024,1024.0,256.0,,,,11294070.0,,345,,8800.0,
16.0,16.0,16.0,509113.0,,,BenchmarkRangeLocatorBuild,,,68.7,,,,20915246.0,,,,,,,BenchmarkRangeLocatorBuild/KeySize=256/Keys=8192,8192.0,256.0,,,,104909247.0,,32,,70349.0,
16.0,16.0,16.0,3486834.0,,,BenchmarkRangeLocatorBuild,,,68.41,,,,98411677.0,,,,,,,BenchmarkRangeLocatorBuild/KeySize=256/Keys=32768,32768.0,256.0,,,,630696630.0,,6,,280188.0,
16.0,16.0,32.0,211833172.0,,,BenchmarkRangeLocatorBuild,,,68.76,,,,2838378008.0,,,,,,,BenchmarkRangeLocatorBuild/KeySize=256/Keys=262144,262144.0,256.0,,,,23769845580.0,,1,,2253045.0,
16.0,8.0,16.0,1344.0,,,BenchmarkRangeLocatorBuild,,,112.2,,,,83784.0,,,,,,,BenchmarkRangeLocatorBuild/KeySize=512/Keys=32,32.0,512.0,,,,287742.0,,12450,,449.0,
16.0,8.0,16.0,11945.0,,,BenchmarkRangeLocatorBuild,,,73.12,,,,657679.0,,,,,,,BenchmarkRangeLocatorBuild/KeySize=512/Keys=256,256.0,512.0,,,,2598643.0,,1381,,2340.0,
16.0,8.0,16.0,57038.0,,,BenchmarkRangeLocatorBuild,,,71.73,,,,2700855.0,,,,,,,BenchmarkRangeLocatorBuild/KeySize=512/Keys=1024,1024.0,512.0,,,,12608386.0,,283,,9182.0,
16.0,16.0,16.0,562513.0,,,BenchmarkRangeLocatorBuild,,,71.91,,,,22785059.0,,,,,,,BenchmarkRangeLocatorBuild/KeySize=512/Keys=8192,8192.0,512.0,,,,116118010.0,,38,,73638.0,
16.0,16.0,16.0,2826864.0,,,BenchmarkRangeLocatorBuild,,,71.25,,,,99348348.0,,,,,,,BenchmarkRangeLocatorBuild/KeySize=512/Keys=32768,32768.0,512.0,,,,552535893.0,,7,,291837.0,
16.0,16.0,32.0,206727626.0,,,BenchmarkRangeLocatorBuild,,,71.81,,,,3039385480.0,,,,,,,BenchmarkRangeLocatorBuild/KeySize=512/Keys=262144,262144.0,512.0,,,,24198008409.0,,1,,2353211.0,
16.0,8.0,16.0,1275.0,,,BenchmarkRangeLocatorBuild,,,126.8,,,,90279.0,,,,,,,BenchmarkRangeLocatorBuild/KeySize=1024/Keys=32,32.0,1024.0,,,,280816.0,,12832,,507.0,
16.0,8.0,16.0,11876.0,,,BenchmarkRangeLocatorBuild,,,80.28,,,,718131.0,,,,,,,BenchmarkRangeLocatorBuild/KeySize=1024/Keys=256,256.0,1024.0,,,,2459028.0,,1377,,2569.0,
16.0,8.0,16.0,57635.0,,,BenchmarkRangeLocatorBuild,,,81.28,,,,3052701.0,,,,,,,BenchmarkRangeLocatorBuild/KeySize=1024/Keys=1024,1024.0,1024.0,,,,12475984.0,,292,,10404.0,
16.0,16.0,16.0,579593.0,,,BenchmarkRangeLocatorBuild,,,77.72,,,,26034113.0,,,,,,,BenchmarkRangeLocatorBuild/KeySize=1024/Keys=8192,8192.0,1024.0,,,,118731572.0,,32,,79590.0,
16.0,16.0,16.0,2865514.0,,,BenchmarkRangeLocatorBuild,,,77.61,,,,116253712.0,,,,,,,BenchmarkRangeLocatorBuild/KeySize=1024/Keys=32768,32768.0,1024.0,,,,552580416.0,,6,,317895.0,
16.0,16.0,32.0,196636374.0,,,BenchmarkRangeLocatorBuild,,,77.7,,,,3495748672.0,,,,,,,BenchmarkRangeLocatorBuild/KeySize=1024/Keys=262144,262144.0,1024.0,,,,22469439600.0,,1,,2545913.0,
16.0,8.0,16.0,1273.0,,,BenchmarkRangeLocatorBuild,,,223.0,,,,144807.0,,,,,,,BenchmarkRangeLocatorBuild/KeySize=4096/Keys=32,32.0,4096.0,,,,348016.0,,10000,,892.0,
16.0,8.0,16.0,12212.0,,,BenchmarkRangeLocatorBuild,,,100.8,,,,1230428.0,,,,,,,BenchmarkRangeLocatorBuild/KeySize=4096/Keys=256,256.0,4096.0,,,,3098662.0,,1150,,3224.0,
16.0,8.0,16.0,57145.0,,,BenchmarkRangeLocatorBuild,,,113.0,,,,4914328.0,,,,,,,BenchmarkRangeLocatorBuild/KeySize=4096/Keys=1024,1024.0,4096.0,,,,13424579.0,,273,,14469.0,
16.0,16.0,16.0,592616.0,,,BenchmarkRangeLocatorBuild,,,114.6,,,,48256357.0,,,,,,,BenchmarkRangeLocatorBuild/KeySize=4096/Keys=8192,8192.0,4096.0,,,,158804649.0,,25,,117305.0,
16.0,16.0,16.0,2801550.0,,,BenchmarkRangeLocatorBuild,,,113.7,,,,214001716.0,,,,,,,BenchmarkRangeLocatorBuild/KeySize=4096/Keys=32768,32768.0,4096.0,,,,751308979.0,,4,,465629.0,
16.0,16.0,32.0,157780758.0,,,BenchmarkRangeLocatorBuild,,,114.4,,,,5975448040.0,,,,,,,BenchmarkRangeLocatorBuild/KeySize=4096/Keys=262144,262144.0,4096.0,,,,26009376180.0,,1,,3749871.0,
,,,9.0,,,BenchmarkRangeLocatorQuery,,,,,,,80.0,,,,,,,BenchmarkRangeLocatorQuery/KeySize=64/Keys=32,32.0,64.0,,,,775.1,,4519057,,,
,,,12.0,,,BenchmarkRangeLocatorQuery,,,,,,,105.0,,,,,,,BenchmarkRangeLocatorQuery/KeySize=64/Keys=256,256.0,64.0,,,,1075.0,,3101820,,,
,,,16.0,,,BenchmarkRangeLocatorQuery,,,,,,,137.0,,,,,,,BenchmarkRangeLocatorQuery/KeySize=64/Keys=1024,1024.0,64.0,,,,1662.0,,2181145,,,
,,,18.0,,,BenchmarkRangeLocatorQuery,,,,,,,154.0,,,,,,,BenchmarkRangeLocatorQuery/KeySize=64/Keys=8192,8192.0,64.0,,,,1850.0,,2096275,,,
,,,18.0,,,BenchmarkRangeLocatorQuery,,,,,,,149.0,,,,,,,BenchmarkRangeLocatorQuery/KeySize=64/Keys=32768,32768.0,64.0,,,,1832.0,,2084155,,,
,,,21.0,,,BenchmarkRangeLocatorQuery,,,,,,,173.0,,,,,,,BenchmarkRangeLocatorQuery/KeySize=64/Keys=262144,262144.0,64.0,,,,1801.0,,1985342,,,
,,,9.0,,,BenchmarkRangeLocatorQuery,,,,,,,88.0,,,,,,,BenchmarkRangeLocatorQuery/KeySize=128/Keys=32,32.0,128.0,,,,804.7,,4794332,,,
,,,12.0,,,BenchmarkRangeLocatorQuery,,,,,,,113.0,,,,,,,BenchmarkRangeLocatorQuery/KeySize=128/Keys=256,256.0,128.0,,,,1232.0,,2963300,,,
,,,17.0,,,BenchmarkRangeLocatorQuery,,,,,,,151.0,,,,,,,BenchmarkRangeLocatorQuery/KeySize=128/Keys=1024,1024.0,128.0,,,,1822.0,,1976358,,,
,,,19.0,,,BenchmarkRangeLocatorQuery,,,,,,,169.0,,,,,,,BenchmarkRangeLocatorQuery/KeySize=128/Keys=8192,8192.0,128.0,,,,2036.0,,1632276,,,
,,,19.0,,,BenchmarkRangeLocatorQuery,,,,,,,167.0,,,,,,,BenchmarkRangeLocatorQuery/KeySize=128/Keys=32768,32768.0,128.0,,,,2064.0,,1634389,,,
,,,21.0,,,BenchmarkRangeLocatorQuery,,,,,,,189.0,,,,,,,BenchmarkRangeLocatorQuery/KeySize=128/Keys=262144,262144.0,128.0,,,,2014.0,,1616569,,,
,,,10.0,,,BenchmarkRangeLocatorQuery,,,,,,,134.0,,,,,,,BenchmarkRangeLocatorQuery/KeySize=256/Keys=32,32.0,256.0,,,,1010.0,,3560005,,,
,,,13.0,,,BenchmarkRangeLocatorQuery,,,,,,,168.0,,,,,,,BenchmarkRangeLocatorQuery/KeySize=256/Keys=256,256.0,256.0,,,,1358.0,,2613697,,,
,,,17.0,,,BenchmarkRangeLocatorQuery,,,,,,,199.0,,,,,,,BenchmarkRangeLocatorQuery/KeySize=256/Keys=1024,1024.0,256.0,,,,1937.0,,1821843,,,
,,,20.0,,,BenchmarkRangeLocatorQuery,,,,,,,224.0,,,,,,,BenchmarkRangeLocatorQuery/KeySize=256/Keys=8192,8192.0,256.0,,,,1955.0,,1837087,,,
,,,19.0,,,BenchmarkRangeLocatorQuery,,,,,,,224.0,,,,,,,BenchmarkRangeLocatorQuery/KeySize=256/Keys=32768,32768.0,256.0,,,,2243.0,,1758561,,,
,,,23.0,,,BenchmarkRangeLocatorQuery,,,,,,,246.0,,,,,,,BenchmarkRangeLocatorQuery/KeySize=256/Keys=262144,262144.0,256.0,,,,1403.0,,2646072,,,
,,,10.0,,,BenchmarkRangeLocatorQuery,,,,,,,186.0,,,,,,,BenchmarkRangeLocatorQuery/KeySize=512/Keys=32,32.0,512.0,,,,512.4,,6338776,,,
,,,14.0,,,BenchmarkRangeLocatorQuery,,,,,,,218.0,,,,,,,BenchmarkRangeLocatorQuery/KeySize=512/Keys=256,256.0,512.0,,,,781.1,,4406541,,,
,,,18.0,,,BenchmarkRangeLocatorQuery,,,,,,,255.0,,,,,,,BenchmarkRangeLocatorQuery/KeySize=512/Keys=1024,1024.0,512.0,,,,1186.0,,2966611,,,
,,,20.0,,,BenchmarkRangeLocatorQuery,,,,,,,285.0,,,,,,,BenchmarkRangeLocatorQuery/KeySize=512/Keys=8192,8192.0,512.0,,,,1170.0,,2945670,,,
,,,20.0,,,BenchmarkRangeLocatorQuery,,,,,,,300.0,,,,,,,BenchmarkRangeLocatorQuery/KeySize=512/Keys=32768,32768.0,512.0,,,,1310.0,,2526260,,,
,,,23.0,,,BenchmarkRangeLocatorQuery,,,,,,,316.0,,,,,,,BenchmarkRangeLocatorQuery/KeySize=512/Keys=262144,262144.0,512.0,,,,1222.0,,2933643,,,
,,,10.0,,,BenchmarkRangeLocatorQuery,,,,,,,280.0,,,,,,,BenchmarkRangeLocatorQuery/KeySize=1024/Keys=32,32.0,1024.0,,,,484.2,,7523757,,,
,,,14.0,,,BenchmarkRangeLocatorQuery,,,,,,,308.0,,,,,,,BenchmarkRangeLocatorQuery/KeySize=1024/Keys=256,256.0,1024.0,,,,690.7,,5144424,,,
,,,18.0,,,BenchmarkRangeLocatorQuery,,,,,,,376.0,,,,,,,BenchmarkRangeLocatorQuery/KeySize=1024/Keys=1024,1024.0,1024.0,,,,1066.0,,3293037,,,
,,,21.0,,,BenchmarkRangeLocatorQuery,,,,,,,415.0,,,,,,,BenchmarkRangeLocatorQuery/KeySize=1024/Keys=8192,8192.0,1024.0,,,,1204.0,,2988907,,,
,,,21.0,,,BenchmarkRangeLocatorQuery,,,,,,,448.0,,,,,,,BenchmarkRangeLocatorQuery/KeySize=1024/Keys=32768,32768.0,1024.0,,,,1275.0,,2791489,,,
,,,24.0,,,BenchmarkRangeLocatorQuery,,,,,,,458.0,,,,,,,BenchmarkRangeLocatorQuery/KeySize=1024/Keys=262144,262144.0,1024.0,,,,1411.0,,2604552,,,
,,,10.0,,,BenchmarkRangeLocatorQuery,,,,,,,913.0,,,,,,,BenchmarkRangeLocatorQuery/KeySize=4096/Keys=32,32.0,4096.0,,,,823.6,,4285530,,,
,,,14.0,,,BenchmarkRangeLocatorQuery,,,,,,,1036.0,,,,,,,BenchmarkRangeLocatorQuery/KeySize=4096/Keys=256,256.0,4096.0,,,,1184.0,,3064296,,,
,,,18.0,,,BenchmarkRangeLocatorQuery,,,,,,,1034.0,,,,,,,BenchmarkRangeLocatorQuery/KeySize=4096/Keys=1024,1024.0,4096.0,,,,1284.0,,2772262,,,
,,,22.0,,,BenchmarkRangeLocatorQuery,,,,,,,1312.0,,,,,,,BenchmarkRangeLocatorQuery/KeySize=4096/Keys=8192,8192.0,4096.0,,,,2015.0,,1858790,,,
,,,22.0,,,BenchmarkRangeLocatorQuery,,,,,,,1370.0,,,,,,,BenchmarkRangeLocatorQuery/KeySize=4096/Keys=32768,32768.0,4096.0,,,,2467.0,,1370030,,,
,,,25.0,,,BenchmarkRangeLocatorQuery,,,,,,,1370.0,,,,,,,BenchmarkRangeLocatorQuery/KeySize=4096/Keys=262144,262144.0,4096.0,,,,2144.0,,1850809,,,
,,,1515.0,,,BenchmarkLocalExactRangeLocatorBuildFast,,,245.0,,,,122992.0,,,,,,,BenchmarkLocalExactRangeLocatorBuildFast/KeySize=64/Keys=32,32.0,64.0,,,,309535.0,,10000,,,
,,,12566.0,,,BenchmarkLocalExactRangeLocatorBuildFast,,,147.7,,,,951033.0,,,,,,,BenchmarkLocalExactRangeLocatorBuildFast/KeySize=64/Keys=256,256.0,64.0,,,,2650834.0,,1402,,,
,,,58560.0,,,BenchmarkLocalExactRangeLocatorBuildFast,,,138.4,,,,3829622.0,,,,,,,BenchmarkLocalExactRangeLocatorBuildFast/KeySize=64/Keys=1024,1024.0,64.0,,,,12195651.0,,298,,,
,,,500248.0,,,BenchmarkLocalExactRangeLocatorBuildFast,,,131.1,,,,30885152.0,,,,,,,BenchmarkLocalExactRangeLocatorBuildFast/KeySize=64/Keys=8192,8192.0,64.0,,,,105070050.0,,33,,,
,,,2010765.0,,,BenchmarkLocalExactRangeLocatorBuildFast,,,130.2,,,,124610744.0,,,,,,,BenchmarkLocalExactRangeLocatorBuildFast/KeySize=64/Keys=32768,32768.0,64.0,,,,541394110.0,,6,,,
,,,17544984.0,,,BenchmarkLocalExactRangeLocatorBuildFast,,,135.7,,,,1033937344.0,,,,,,,BenchmarkLocalExactRangeLocatorBuildFast/KeySize=64/Keys=262144,262144.0,64.0,,,,5351045053.0,,1,,,
,,,1505.0,,,BenchmarkLocalExactRangeLocatorBuildFast,,,252.2,,,,152336.0,,,,,,,BenchmarkLocalExactRangeLocatorBuildFast/KeySize=128/Keys=32,32.0,128.0,,,,405411.0,,8563,,,
,,,12507.0,,,BenchmarkLocalExactRangeLocatorBuildFast,,,159.8,,,,1067010.0,,,,,,,BenchmarkLocalExactRangeLocatorBuildFast/KeySize=128/Keys=256,256.0,128.0,,,,3208428.0,,1104,,,
,,,60098.0,,,BenchmarkLocalExactRangeLocatorBuildFast,,,150.2,,,,4313526.0,,,,,,,BenchmarkLocalExactRangeLocatorBuildFast/KeySize=128/Keys=1024,1024.0,128.0,,,,14880598.0,,242,,,
,,,553979.0,,,BenchmarkLocalExactRangeLocatorBuildFast,,,143.1,,,,32718370.0,,,,,,,BenchmarkLocalExactRangeLocatorBuildFast/KeySize=128/Keys=8192,8192.0,128.0,,,,130400234.0,,27,,,
,,,3076157.0,,,BenchmarkLocalExactRangeLocatorBuildFast,,,142.6,,,,139728672.0,,,,,,,BenchmarkLocalExactRangeLocatorBuildFast/KeySize=128/Keys=32768,32768.0,128.0,,,,639580822.0,,6,,,
,,,85513239.0,,,BenchmarkLocalExactRangeLocatorBuildFast,,,148.3,,,,1867758056.0,,,,,,,BenchmarkLocalExactRangeLocatorBuildFast/KeySize=128/Keys=262144,262144.0,128.0,,,,11533017636.0,,1,,,
,,,1551.0,,,BenchmarkLocalExactRangeLocatorBuildFast,,,333.8,,,,157776.0,,,,,,,BenchmarkLocalExactRangeLocatorBuildFast/KeySize=256/Keys=32,32.0,256.0,,,,426483.0,,10000,,,
,,,13224.0,,,BenchmarkLocalExactRangeLocatorBuildFast,,,234.6,,,,1235055.0,,,,,,,BenchmarkLocalExactRangeLocatorBuildFast/KeySize=256/Keys=256,256.0,256.0,,,,3457198.0,,1086,,,
,,,61264.0,,,BenchmarkLocalExactRangeLocatorBuildFast,,,229.2,,,,5132213.0,,,,,,,BenchmarkLocalExactRangeLocatorBuildFast/KeySize=256/Keys=1024,1024.0,256.0,,,,16122840.0,,213,,,
,,,560295.0,,,BenchmarkLocalExactRangeLocatorBuildFast,,,216.3,,,,42155378.0,,,,,,,BenchmarkLocalExactRangeLocatorBuildFast/KeySize=256/Keys=8192,8192.0,256.0,,,,149094705.0,,26,,,
,,,3302617.0,,,BenchmarkLocalExactRangeLocatorBuildFast,,,215.6,,,,181016308.0,,,,,,,BenchmarkLocalExactRangeLocatorBuildFast/KeySize=256/Keys=32768,32768.0,256.0,,,,803834163.0,,5,,,
,,,194747682.0,,,BenchmarkLocalExactRangeLocatorBuildFast,,,225.7,,,,3369619296.0,,,,,,,BenchmarkLocalExactRangeLocatorBuildFast/KeySize=256/Keys=262144,262144.0,256.0,,,,24601763798.0,,1,,,
,,,1590.0,,,BenchmarkLocalExactRangeLocatorBuildFast,,,361.8,,,,162560.0,,,,,,,BenchmarkLocalExactRangeLocatorBuildFast/KeySize=512/Keys=32,32.0,512.0,,,,491389.0,,10000,,,
,,,13307.0,,,BenchmarkLocalExactRangeLocatorBuildFast,,,257.1,,,,1278356.0,,,,,,,BenchmarkLocalExactRangeLocatorBuildFast/KeySize=512/Keys=256,256.0,512.0,,,,3945183.0,,927,,,
,,,62827.0,,,BenchmarkLocalExactRangeLocatorBuildFast,,,251.5,,,,5336659.0,,,,,,,BenchmarkLocalExactRangeLocatorBuildFast/KeySize=512/Keys=1024,1024.0,512.0,,,,17839269.0,,207,,,
,,,583194.0,,,BenchmarkLocalExactRangeLocatorBuildFast,,,239.0,,,,44241289.0,,,,,,,BenchmarkLocalExactRangeLocatorBuildFast/KeySize=512/Keys=8192,8192.0,512.0,,,,162903288.0,,21,,,
,,,2998951.0,,,BenchmarkLocalExactRangeLocatorBuildFast,,,237.9,,,,187265012.0,,,,,,,BenchmarkLocalExactRangeLocatorBuildFast/KeySize=512/Keys=32768,32768.0,512.0,,,,799452744.0,,4,,,
,,,168408055.0,,,BenchmarkLocalExactRangeLocatorBuildFast,,,248.4,,,,3385527896.0,,,,,,,BenchmarkLocalExactRangeLocatorBuildFast/KeySize=512/Keys=262144,262144.0,512.0,,,,24393698306.0,,1,,,
,,,1518.0,,,BenchmarkLocalExactRangeLocatorBuildFast,,,380.2,,,,168776.0,,,,,,,BenchmarkLocalExactRangeLocatorBuildFast/KeySize=1024/Keys=32,32.0,1024.0,,,,461884.0,,10000,,,
,,,13265.0,,,BenchmarkLocalExactRangeLocatorBuildFast,,,285.7,,,,1354600.0,,,,,,,BenchmarkLocalExactRangeLocatorBuildFast/KeySize=1024/Keys=256,256.0,1024.0,,,,3859497.0,,1024,,,
,,,62914.0,,,BenchmarkLocalExactRangeLocatorBuildFast,,,279.4,,,,5719004.0,,,,,,,BenchmarkLocalExactRangeLocatorBuildFast/KeySize=1024/Keys=1024,1024.0,1024.0,,,,17817916.0,,202,,,
,,,610961.0,,,BenchmarkLocalExactRangeLocatorBuildFast,,,264.4,,,,49067061.0,,,,,,,BenchmarkLocalExactRangeLocatorBuildFast/KeySize=1024/Keys=8192,8192.0,1024.0,,,,172439524.0,,30,,,
,,,4173380.0,,,BenchmarkLocalExactRangeLocatorBuildFast,,,264.0,,,,226540052.0,,,,,,,BenchmarkLocalExactRangeLocatorBuildFast/KeySize=1024/Keys=32768,32768.0,1024.0,,,,975528254.0,,4,,,
,,,185905240.0,,,BenchmarkLocalExactRangeLocatorBuildFast,,,274.0,,,,4091481152.0,,,,,,,BenchmarkLocalExactRangeLocatorBuildFast/KeySize=1024/Keys=262144,262144.0,1024.0,,,,25387045191.0,,1,,,
,,,1517.0,,,BenchmarkLocalExactRangeLocatorBuildFast,,,512.0,,,,235983.0,,,,,,,BenchmarkLocalExactRangeLocatorBuildFast/KeySize=4096/Keys=32,32.0,4096.0,,,,568024.0,,8713,,,
,,,13626.0,,,BenchmarkLocalExactRangeLocatorBuildFast,,,347.4,,,,1936007.0,,,,,,,BenchmarkLocalExactRangeLocatorBuildFast/KeySize=4096/Keys=256,256.0,4096.0,,,,4711748.0,,864,,,
,,,62916.0,,,BenchmarkLocalExactRangeLocatorBuildFast,,,351.7,,,,7833046.0,,,,,,,BenchmarkLocalExactRangeLocatorBuildFast/KeySize=4096/Keys=1024,1024.0,4096.0,,,,19667314.0,,184,,,
,,,634600.0,,,BenchmarkLocalExactRangeLocatorBuildFast,,,340.5,,,,72092103.0,,,,,,,BenchmarkLocalExactRangeLocatorBuildFast/KeySize=4096/Keys=8192,8192.0,4096.0,,,,226889696.0,,22,,,
,,,3065686.0,,,BenchmarkLocalExactRangeLocatorBuildFast,,,339.4,,,,319754890.0,,,,,,,BenchmarkLocalExactRangeLocatorBuildFast/KeySize=4096/Keys=32768,32768.0,4096.0,,,,1142256507.0,,3,,,
,,,141455600.0,,,BenchmarkLocalExactRangeLocatorBuildFast,,,350.2,,,,6267742112.0,,,,,,,BenchmarkLocalExactRangeLocatorBuildFast/KeySize=4096/Keys=262144,262144.0,4096.0,,,,28588022191.0,,1,,,
,,,1528.0,,,BenchmarkLocalExactRangeLocatorBuildCompact,,,226.8,,,,132360.0,,,,,,,BenchmarkLocalExactRangeLocatorBuildCompact/KeySize=64/Keys=32,32.0,64.0,,,,324047.0,,10000,,,
,,,12586.0,,,BenchmarkLocalExactRangeLocatorBuildCompact,,,114.8,,,,1012169.0,,,,,,,BenchmarkLocalExactRangeLocatorBuildCompact/KeySize=64/Keys=256,256.0,64.0,,,,2779072.0,,1342,,,
,,,58588.0,,,BenchmarkLocalExactRangeLocatorBuildCompact,,,104.7,,,,4057478.0,,,,,,,BenchmarkLocalExactRangeLocatorBuildCompact/KeySize=64/Keys=1024,1024.0,64.0,,,,12399439.0,,292,,,
,,,500293.0,,,BenchmarkLocalExactRangeLocatorBuildCompact,,,102.2,,,,32636112.0,,,,,,,BenchmarkLocalExactRangeLocatorBuildCompact/KeySize=64/Keys=8192,8192.0,64.0,,,,110203643.0,,34,,,
,,,2010825.0,,,BenchmarkLocalExactRangeLocatorBuildCompact,,,101.4,,,,131632816.0,,,,,,,BenchmarkLocalExactRangeLocatorBuildCompact/KeySize=64/Keys=32768,32768.0,64.0,,,,552584098.0,,6,,,
,,,17545073.0,,,BenchmarkLocalExactRangeLocatorBuildCompact,,,103.5,,,,1091783600.0,,,,,,,BenchmarkLocalExactRangeLocatorBuildCompact/KeySize=64/Keys=262144,262144.0,64.0,,,,5449246077.0,,1,,,
,,,1518.0,,,BenchmarkLocalExactRangeLocatorBuildCompact,,,226.2,,,,167592.0,,,,,,,BenchmarkLocalExactRangeLocatorBuildCompact/KeySize=128/Keys=32,32.0,128.0,,,,424675.0,,8905,,,
,,,12527.0,,,BenchmarkLocalExactRangeLocatorBuildCompact,,,120.2,,,,1145121.0,,,,,,,BenchmarkLocalExactRangeLocatorBuildCompact/KeySize=128/Keys=256,256.0,128.0,,,,3344515.0,,1074,,,
,,,60101.0,,,BenchmarkLocalExactRangeLocatorBuildCompact,,,109.4,,,,4628899.0,,,,,,,BenchmarkLocalExactRangeLocatorBuildCompact/KeySize=128/Keys=1024,1024.0,128.0,,,,15300496.0,,231,,,
,,,543640.0,,,BenchmarkLocalExactRangeLocatorBuildCompact,,,105.3,,,,34472977.0,,,,,,,BenchmarkLocalExactRangeLocatorBuildCompact/KeySize=128/Keys=8192,8192.0,128.0,,,,133116502.0,,26,,,
,,,3775944.0,,,BenchmarkLocalExactRangeLocatorBuildCompact,,,107.0,,,,153195088.0,,,,,,,BenchmarkLocalExactRangeLocatorBuildCompact/KeySize=128/Keys=32768,32768.0,128.0,,,,712264493.0,,6,,,
,,,216778214.0,,,BenchmarkLocalExactRangeLocatorBuildCompact,,,109.6,,,,3353463344.0,,,,,,,BenchmarkLocalExactRangeLocatorBuildCompact/KeySize=128/Keys=262144,262144.0,128.0,,,,22971714395.0,,1,,,
,,,1564.0,,,BenchmarkLocalExactRangeLocatorBuildCompact,,,235.2,,,,173120.0,,,,,,,BenchmarkLocalExactRangeLocatorBuildCompact/KeySize=256/Keys=32,32.0,256.0,,,,487925.0,,10000,,,
,,,13246.0,,,BenchmarkLocalExactRangeLocatorBuildCompact,,,125.6,,,,1331414.0,,,,,,,BenchmarkLocalExactRangeLocatorBuildCompact/KeySize=256/Keys=256,256.0,256.0,,,,3612307.0,,922,,,
,,,61275.0,,,BenchmarkLocalExactRangeLocatorBuildCompact,,,116.4,,,,5523250.0,,,,,,,BenchmarkLocalExactRangeLocatorBuildCompact/KeySize=256/Keys=1024,1024.0,256.0,,,,17326360.0,,201,,,
,,,594146.0,,,BenchmarkLocalExactRangeLocatorBuildCompact,,,113.6,,,,45421691.0,,,,,,,BenchmarkLocalExactRangeLocatorBuildCompact/KeySize=256/Keys=8192,8192.0,256.0,,,,161734730.0,,22,,,
,,,3932404.0,,,BenchmarkLocalExactRangeLocatorBuildCompact,,,113.0,,,,198531620.0,,,,,,,BenchmarkLocalExactRangeLocatorBuildCompact/KeySize=256/Keys=32768,32768.0,256.0,,,,905018120.0,,4,,,
,,,203683261.0,,,BenchmarkLocalExactRangeLocatorBuildCompact,,,115.5,,,,3543322448.0,,,,,,,BenchmarkLocalExactRangeLocatorBuildCompact/KeySize=256/Keys=262144,262144.0,256.0,,,,25602443730.0,,1,,,
,,,1603.0,,,BenchmarkLocalExactRangeLocatorBuildCompact,,,249.2,,,,178392.0,,,,,,,BenchmarkLocalExactRangeLocatorBuildCompact/KeySize=512/Keys=32,32.0,512.0,,,,503596.0,,10000,,,
,,,13330.0,,,BenchmarkLocalExactRangeLocatorBuildCompact,,,131.5,,,,1377632.0,,,,,,,BenchmarkLocalExactRangeLocatorBuildCompact/KeySize=512/Keys=256,256.0,512.0,,,,4041359.0,,918,,,
,,,63049.0,,,BenchmarkLocalExactRangeLocatorBuildCompact,,,123.6,,,,5737475.0,,,,,,,BenchmarkLocalExactRangeLocatorBuildCompact/KeySize=512/Keys=1024,1024.0,512.0,,,,18494020.0,,193,,,
,,,569707.0,,,BenchmarkLocalExactRangeLocatorBuildCompact,,,121.0,,,,47167002.0,,,,,,,BenchmarkLocalExactRangeLocatorBuildCompact/KeySize=512/Keys=8192,8192.0,512.0,,,,158162795.0,,20,,,
,,,3078994.0,,,BenchmarkLocalExactRangeLocatorBuildCompact,,,120.0,,,,200397414.0,,,,,,,BenchmarkLocalExactRangeLocatorBuildCompact/KeySize=512/Keys=32768,32768.0,512.0,,,,817952485.0,,4,,,
,,,161633477.0,,,BenchmarkLocalExactRangeLocatorBuildCompact,,,122.7,,,,3417498136.0,,,,,,,BenchmarkLocalExactRangeLocatorBuildCompact/KeySize=512/Keys=262144,262144.0,512.0,,,,22265853248.0,,1,,,
,,,1530.0,,,BenchmarkLocalExactRangeLocatorBuildCompact,,,250.0,,,,184703.0,,,,,,,BenchmarkLocalExactRangeLocatorBuildCompact/KeySize=1024/Keys=32,32.0,1024.0,,,,482558.0,,10000,,,
,,,13289.0,,,BenchmarkLocalExactRangeLocatorBuildCompact,,,140.3,,,,1458441.0,,,,,,,BenchmarkLocalExactRangeLocatorBuildCompact/KeySize=1024/Keys=256,256.0,1024.0,,,,4013112.0,,922,,,
,,,63042.0,,,BenchmarkLocalExactRangeLocatorBuildCompact,,,136.0,,,,6134292.0,,,,,,,BenchmarkLocalExactRangeLocatorBuildCompact/KeySize=1024/Keys=1024,1024.0,1024.0,,,,18824689.0,,190,,,
,,,658175.0,,,BenchmarkLocalExactRangeLocatorBuildCompact,,,130.8,,,,52779113.0,,,,,,,BenchmarkLocalExactRangeLocatorBuildCompact/KeySize=1024/Keys=8192,8192.0,1024.0,,,,175487814.0,,25,,,
,,,5620716.0,,,BenchmarkLocalExactRangeLocatorBuildCompact,,,130.5,,,,259929010.0,,,,,,,BenchmarkLocalExactRangeLocatorBuildCompact/KeySize=1024/Keys=32768,32768.0,1024.0,,,,1075814775.0,,3,,,
,,,176653465.0,,,BenchmarkLocalExactRangeLocatorBuildCompact,,,132.6,,,,4075839920.0,,,,,,,BenchmarkLocalExactRangeLocatorBuildCompact/KeySize=1024/Keys=262144,262144.0,1024.0,,,,23828821945.0,,1,,,
,,,1531.0,,,BenchmarkLocalExactRangeLocatorBuildCompact,,,344.5,,,,252664.0,,,,,,,BenchmarkLocalExactRangeLocatorBuildCompact/KeySize=4096/Keys=32,32.0,4096.0,,,,586827.0,,7794,,,
,,,13647.0,,,BenchmarkLocalExactRangeLocatorBuildCompact,,,171.8,,,,2047408.0,,,,,,,BenchmarkLocalExactRangeLocatorBuildCompact/KeySize=4096/Keys=256,256.0,4096.0,,,,4890978.0,,829,,,
,,,63122.0,,,BenchmarkLocalExactRangeLocatorBuildCompact,,,176.4,,,,8271628.0,,,,,,,BenchmarkLocalExactRangeLocatorBuildCompact/KeySize=4096/Keys=1024,1024.0,4096.0,,,,21712760.0,,180,,,
,,,600334.0,,,BenchmarkLocalExactRangeLocatorBuildCompact,,,173.7,,,,74351954.0,,,,,,,BenchmarkLocalExactRangeLocatorBuildCompact/KeySize=4096/Keys=8192,8192.0,4096.0,,,,238113957.0,,14,,,
,,,5957077.0,,,BenchmarkLocalExactRangeLocatorBuildCompact,,,174.7,,,,432164880.0,,,,,,,BenchmarkLocalExactRangeLocatorBuildCompact/KeySize=4096/Keys=32768,32768.0,4096.0,,,,1486325397.0,,3,,,
,,,127416863.0,,,BenchmarkLocalExactRangeLocatorBuildCompact,,,177.5,,,,5960942480.0,,,,,,,BenchmarkLocalExactRangeLocatorBuildCompact/KeySize=4096/Keys=262144,262144.0,4096.0,,,,27414227130.0,,1,,,
,,,13.0,,,BenchmarkLocalExactRangeLocatorQueryFast,,,,,,,107.0,,,,,,,BenchmarkLocalExactRangeLocatorQueryFast/KeySize=64/Keys=32,32.0,64.0,,,,1123.0,,3145671,,,
,,,16.0,,,BenchmarkLocalExactRangeLocatorQueryFast,,,,,,,132.0,,,,,,,BenchmarkLocalExactRangeLocatorQueryFast/KeySize=64/Keys=256,256.0,64.0,,,,1567.0,,2219509,,,
,,,20.0,,,BenchmarkLocalExactRangeLocatorQueryFast,,,,,,,164.0,,,,,,,BenchmarkLocalExactRangeLocatorQueryFast/KeySize=64/Keys=1024,1024.0,64.0,,,,2094.0,,1749004,,,
,,,21.0,,,BenchmarkLocalExactRangeLocatorQueryFast,,,,,,,174.0,,,,,,,BenchmarkLocalExactRangeLocatorQueryFast/KeySize=64/Keys=8192,8192.0,64.0,,,,2125.0,,1665030,,,
,,,21.0,,,BenchmarkLocalExactRangeLocatorQueryFast,,,,,,,171.0,,,,,,,BenchmarkLocalExactRangeLocatorQueryFast/KeySize=64/Keys=32768,32768.0,64.0,,,,2200.0,,1652983,,,
,,,24.0,,,BenchmarkLocalExactRangeLocatorQueryFast,,,,,,,194.0,,,,,,,BenchmarkLocalExactRangeLocatorQueryFast/KeySize=64/Keys=262144,262144.0,64.0,,,,2325.0,,1532613,,,
,,,14.0,,,BenchmarkLocalExactRangeLocatorQueryFast,,,,,,,114.0,,,,,,,BenchmarkLocalExactRangeLocatorQueryFast/KeySize=128/Keys=32,32.0,128.0,,,,1138.0,,3046077,,,
,,,17.0,,,BenchmarkLocalExactRangeLocatorQueryFast,,,,,,,140.0,,,,,,,BenchmarkLocalExactRangeLocatorQueryFast/KeySize=128/Keys=256,256.0,128.0,,,,1858.0,,2123006,,,
,,,21.0,,,BenchmarkLocalExactRangeLocatorQueryFast,,,,,,,175.0,,,,,,,BenchmarkLocalExactRangeLocatorQueryFast/KeySize=128/Keys=1024,1024.0,128.0,,,,2448.0,,1572547,,,
,,,23.0,,,BenchmarkLocalExactRangeLocatorQueryFast,,,,,,,184.0,,,,,,,BenchmarkLocalExactRangeLocatorQueryFast/KeySize=128/Keys=8192,8192.0,128.0,,,,2313.0,,1569452,,,
,,,22.0,,,BenchmarkLocalExactRangeLocatorQueryFast,,,,,,,183.0,,,,,,,BenchmarkLocalExactRangeLocatorQueryFast/KeySize=128/Keys=32768,32768.0,128.0,,,,2480.0,,1366402,,,
,,,26.0,,,BenchmarkLocalExactRangeLocatorQueryFast,,,,,,,212.0,,,,,,,BenchmarkLocalExactRangeLocatorQueryFast/KeySize=128/Keys=262144,262144.0,128.0,,,,2511.0,,1543143,,,
,,,14.0,,,BenchmarkLocalExactRangeLocatorQueryFast,,,,,,,115.0,,,,,,,BenchmarkLocalExactRangeLocatorQueryFast/KeySize=256/Keys=32,32.0,256.0,,,,1123.0,,3228697,,,
,,,17.0,,,BenchmarkLocalExactRangeLocatorQueryFast,,,,,,,143.0,,,,,,,BenchmarkLocalExactRangeLocatorQueryFast/KeySize=256/Keys=256,256.0,256.0,,,,1612.0,,2217193,,,
,,,21.0,,,BenchmarkLocalExactRangeLocatorQueryFast,,,,,,,174.0,,,,,,,BenchmarkLocalExactRangeLocatorQueryFast/KeySize=256/Keys=1024,1024.0,256.0,,,,1875.0,,1737223,,,
,,,22.0,,,BenchmarkLocalExactRangeLocatorQueryFast,,,,,,,183.0,,,,,,,BenchmarkLocalExactRangeLocatorQueryFast/KeySize=256/Keys=8192,8192.0,256.0,,,,2278.0,,1587944,,,
,,,22.0,,,BenchmarkLocalExactRangeLocatorQueryFast,,,,,,,182.0,,,,,,,BenchmarkLocalExactRangeLocatorQueryFast/KeySize=256/Keys=32768,32768.0,256.0,,,,2486.0,,1463648,,,
,,,26.0,,,BenchmarkLocalExactRangeLocatorQueryFast,,,,,,,212.0,,,,,,,BenchmarkLocalExactRangeLocatorQueryFast/KeySize=256/Keys=262144,262144.0,256.0,,,,2489.0,,1436850,,,
,,,14.0,,,BenchmarkLocalExactRangeLocatorQueryFast,,,,,,,114.0,,,,,,,BenchmarkLocalExactRangeLocatorQueryFast/KeySize=512/Keys=32,32.0,512.0,,,,943.3,,3821707,,,
,,,18.0,,,BenchmarkLocalExactRangeLocatorQueryFast,,,,,,,145.0,,,,,,,BenchmarkLocalExactRangeLocatorQueryFast/KeySize=512/Keys=256,256.0,512.0,,,,1519.0,,2328751,,,
,,,21.0,,,BenchmarkLocalExactRangeLocatorQueryFast,,,,,,,174.0,,,,,,,BenchmarkLocalExactRangeLocatorQueryFast/KeySize=512/Keys=1024,1024.0,512.0,,,,1681.0,,2070375,,,
,,,22.0,,,BenchmarkLocalExactRangeLocatorQueryFast,,,,,,,182.0,,,,,,,BenchmarkLocalExactRangeLocatorQueryFast/KeySize=512/Keys=8192,8192.0,512.0,,,,1915.0,,1880180,,,
,,,22.0,,,BenchmarkLocalExactRangeLocatorQueryFast,,,,,,,182.0,,,,,,,BenchmarkLocalExactRangeLocatorQueryFast/KeySize=512/Keys=32768,32768.0,512.0,,,,2001.0,,1795120,,,
,,,26.0,,,BenchmarkLocalExactRangeLocatorQueryFast,,,,,,,212.0,,,,,,,BenchmarkLocalExactRangeLocatorQueryFast/KeySize=512/Keys=262144,262144.0,512.0,,,,2709.0,,1675772,,,
,,,14.0,,,BenchmarkLocalExactRangeLocatorQueryFast,,,,,,,113.0,,,,,,,BenchmarkLocalExactRangeLocatorQueryFast/KeySize=1024/Keys=32,32.0,1024.0,,,,1256.0,,2806266,,,
,,,18.0,,,BenchmarkLocalExactRangeLocatorQueryFast,,,,,,,145.0,,,,,,,BenchmarkLocalExactRangeLocatorQueryFast/KeySize=1024/Keys=256,256.0,1024.0,,,,1648.0,,2264187,,,
,,,21.0,,,BenchmarkLocalExactRangeLocatorQueryFast,,,,,,,174.0,,,,,,,BenchmarkLocalExactRangeLocatorQueryFast/KeySize=1024/Keys=1024,1024.0,1024.0,,,,2059.0,,1775341,,,
,,,22.0,,,BenchmarkLocalExactRangeLocatorQueryFast,,,,,,,182.0,,,,,,,BenchmarkLocalExactRangeLocatorQueryFast/KeySize=1024/Keys=8192,8192.0,1024.0,,,,2316.0,,1590656,,,
,,,22.0,,,BenchmarkLocalExactRangeLocatorQueryFast,,,,,,,182.0,,,,,,,BenchmarkLocalExactRangeLocatorQueryFast/KeySize=1024/Keys=32768,32768.0,1024.0,,,,2405.0,,1532077,,,
,,,26.0,,,BenchmarkLocalExactRangeLocatorQueryFast,,,,,,,212.0,,,,,,,BenchmarkLocalExactRangeLocatorQueryFast/KeySize=1024/Keys=262144,262144.0,1024.0,,,,2925.0,,1387028,,,
,,,14.0,,,BenchmarkLocalExactRangeLocatorQueryFast,,,,,,,113.0,,,,,,,BenchmarkLocalExactRangeLocatorQueryFast/KeySize=4096/Keys=32,32.0,4096.0,,,,616.6,,5738326,,,
,,,17.0,,,BenchmarkLocalExactRangeLocatorQueryFast,,,,,,,143.0,,,,,,,BenchmarkLocalExactRangeLocatorQueryFast/KeySize=4096/Keys=256,256.0,4096.0,,,,1067.0,,3227666,,,
,,,21.0,,,BenchmarkLocalExactRangeLocatorQueryFast,,,,,,,171.0,,,,,,,BenchmarkLocalExactRangeLocatorQueryFast/KeySize=4096/Keys=1024,1024.0,4096.0,,,,1110.0,,2771988,,,
,,,22.0,,,BenchmarkLocalExactRangeLocatorQueryFast,,,,,,,182.0,,,,,,,BenchmarkLocalExactRangeLocatorQueryFast/KeySize=4096/Keys=8192,8192.0,4096.0,,,,1221.0,,2914684,,,
,,,22.0,,,BenchmarkLocalExactRangeLocatorQueryFast,,,,,,,182.0,,,,,,,BenchmarkLocalExactRangeLocatorQueryFast/KeySize=4096/Keys=32768,32768.0,4096.0,,,,1349.0,,2789304,,,
,,,26.0,,,BenchmarkLocalExactRangeLocatorQueryFast,,,,,,,212.0,,,,,,,BenchmarkLocalExactRangeLocatorQueryFast/KeySize=4096/Keys=262144,262144.0,4096.0,,,,1640.0,,2216557,,,
,,,13.0,,,BenchmarkLocalExactRangeLocatorQueryCompact,,,,,,,107.0,,,,,,,BenchmarkLocalExactRangeLocatorQueryCompact/KeySize=64/Keys=32,32.0,64.0,,,,1675.0,,2131443,,,
,,,16.0,,,BenchmarkLocalExactRangeLocatorQueryCompact,,,,,,,132.0,,,,,,,BenchmarkLocalExactRangeLocatorQueryCompact/KeySize=64/Keys=256,256.0,64.0,,,,2080.0,,1728004,,,
,,,20.0,,,BenchmarkLocalExactRangeLocatorQueryCompact,,,,,,,164.0,,,,,,,BenchmarkLocalExactRangeLocatorQueryCompact/KeySize=64/Keys=1024,1024.0,64.0,,,,2662.0,,1332470,,,
,,,21.0,,,BenchmarkLocalExactRangeLocatorQueryCompact,,,,,,,174.0,,,,,,,BenchmarkLocalExactRangeLocatorQueryCompact/KeySize=64/Keys=8192,8192.0,64.0,,,,2503.0,,1310876,,,
,,,21.0,,,BenchmarkLocalExactRangeLocatorQueryCompact,,,,,,,171.0,,,,,,,BenchmarkLocalExactRangeLocatorQueryCompact/KeySize=64/Keys=32768,32768.0,64.0,,,,2597.0,,1332619,,,
,,,24.0,,,BenchmarkLocalExactRangeLocatorQueryCompact,,,,,,,194.0,,,,,,,BenchmarkLocalExactRangeLocatorQueryCompact/KeySize=64/Keys=262144,262144.0,64.0,,,,2912.0,,1363414,,,
,,,14.0,,,BenchmarkLocalExactRangeLocatorQueryCompact,,,,,,,114.0,,,,,,,BenchmarkLocalExactRangeLocatorQueryCompact/KeySize=128/Keys=32,32.0,128.0,,,,1640.0,,2324248,,,
,,,17.0,,,BenchmarkLocalExactRangeLocatorQueryCompact,,,,,,,140.0,,,,,,,BenchmarkLocalExactRangeLocatorQueryCompact/KeySize=128/Keys=256,256.0,128.0,,,,2593.0,,1411290,,,
,,,21.0,,,BenchmarkLocalExactRangeLocatorQueryCompact,,,,,,,175.0,,,,,,,BenchmarkLocalExactRangeLocatorQueryCompact/KeySize=128/Keys=1024,1024.0,128.0,,,,3172.0,,1000000,,,
,,,23.0,,,BenchmarkLocalExactRangeLocatorQueryCompact,,,,,,,184.0,,,,,,,BenchmarkLocalExactRangeLocatorQueryCompact/KeySize=128/Keys=8192,8192.0,128.0,,,,3006.0,,1000000,,,
,,,22.0,,,BenchmarkLocalExactRangeLocatorQueryCompact,,,,,,,183.0,,,,,,,BenchmarkLocalExactRangeLocatorQueryCompact/KeySize=128/Keys=32768,32768.0,128.0,,,,3364.0,,1000000,,,
,,,26.0,,,BenchmarkLocalExactRangeLocatorQueryCompact,,,,,,,212.0,,,,,,,BenchmarkLocalExactRangeLocatorQueryCompact/KeySize=128/Keys=262144,262144.0,128.0,,,,3417.0,,1000000,,,
,,,14.0,,,BenchmarkLocalExactRangeLocatorQueryCompact,,,,,,,115.0,,,,,,,BenchmarkLocalExactRangeLocatorQueryCompact/KeySize=256/Keys=32,32.0,256.0,,,,1862.0,,1945923,,,
,,,17.0,,,BenchmarkLocalExactRangeLocatorQueryCompact,,,,,,,143.0,,,,,,,BenchmarkLocalExactRangeLocatorQueryCompact/KeySize=256/Keys=256,256.0,256.0,,,,2313.0,,1411231,,,
,,,21.0,,,BenchmarkLocalExactRangeLocatorQueryCompact,,,,,,,174.0,,,,,,,BenchmarkLocalExactRangeLocatorQueryCompact/KeySize=256/Keys=1024,1024.0,256.0,,,,3106.0,,1000000,,,
,,,22.0,,,BenchmarkLocalExactRangeLocatorQueryCompact,,,,,,,183.0,,,,,,,BenchmarkLocalExactRangeLocatorQueryCompact/KeySize=256/Keys=8192,8192.0,256.0,,,,3632.0,,1000000,,,
,,,22.0,,,BenchmarkLocalExactRangeLocatorQueryCompact,,,,,,,182.0,,,,,,,BenchmarkLocalExactRangeLocatorQueryCompact/KeySize=256/Keys=32768,32768.0,256.0,,,,3470.0,,1000000,,,
,,,26.0,,,BenchmarkLocalExactRangeLocatorQueryCompact,,,,,,,212.0,,,,,,,BenchmarkLocalExactRangeLocatorQueryCompact/KeySize=256/Keys=262144,262144.0,256.0,,,,3806.0,,835161,,,
,,,14.0,,,BenchmarkLocalExactRangeLocatorQueryCompact,,,,,,,114.0,,,,,,,BenchmarkLocalExactRangeLocatorQueryCompact/KeySize=512/Keys=32,32.0,512.0,,,,2052.0,,1712664,,,
,,,18.0,,,BenchmarkLocalExactRangeLocatorQueryCompact,,,,,,,145.0,,,,,,,BenchmarkLocalExactRangeLocatorQueryCompact/KeySize=512/Keys=256,256.0,512.0,,,,2593.0,,1253334,,,
,,,21.0,,,BenchmarkLocalExactRangeLocatorQueryCompact,,,,,,,174.0,,,,,,,BenchmarkLocalExactRangeLocatorQueryCompact/KeySize=512/Keys=1024,1024.0,512.0,,,,3310.0,,1000000,,,
,,,22.0,,,BenchmarkLocalExactRangeLocatorQueryCompact,,,,,,,182.0,,,,,,,BenchmarkLocalExactRangeLocatorQueryCompact/KeySize=512/Keys=8192,8192.0,512.0,,,,3898.0,,976442,,,
,,,22.0,,,BenchmarkLocalExactRangeLocatorQueryCompact,,,,,,,182.0,,,,,,,BenchmarkLocalExactRangeLocatorQueryCompact/KeySize=512/Keys=32768,32768.0,512.0,,,,3665.0,,839950,,,
,,,26.0,,,BenchmarkLocalExactRangeLocatorQueryCompact,,,,,,,212.0,,,,,,,BenchmarkLocalExactRangeLocatorQueryCompact/KeySize=512/Keys=262144,262144.0,512.0,,,,3416.0,,1000000,,,
,,,14.0,,,BenchmarkLocalExactRangeLocatorQueryCompact,,,,,,,113.0,,,,,,,BenchmarkLocalExactRangeLocatorQueryCompact/KeySize=1024/Keys=32,32.0,1024.0,,,,2135.0,,1679976,,,
,,,18.0,,,BenchmarkLocalExactRangeLocatorQueryCompact,,,,,,,145.0,,,,,,,BenchmarkLocalExactRangeLocatorQueryCompact/KeySize=1024/Keys=256,256.0,1024.0,,,,2767.0,,1256692,,,
,,,21.0,,,BenchmarkLocalExactRangeLocatorQueryCompact,,,,,,,174.0,,,,,,,BenchmarkLocalExactRangeLocatorQueryCompact/KeySize=1024/Keys=1024,1024.0,1024.0,,,,3294.0,,1000000,,,
,,,22.0,,,BenchmarkLocalExactRangeLocatorQueryCompact,,,,,,,182.0,,,,,,,BenchmarkLocalExactRangeLocatorQueryCompact/KeySize=1024/Keys=8192,8192.0,1024.0,,,,3643.0,,958742,,,
,,,22.0,,,BenchmarkLocalExactRangeLocatorQueryCompact,,,,,,,182.0,,,,,,,BenchmarkLocalExactRangeLocatorQueryCompact/KeySize=1024/Keys=32768,32768.0,1024.0,,,,3930.0,,937748,,,
,,,26.0,,,BenchmarkLocalExactRangeLocatorQueryCompact,,,,,,,212.0,,,,,,,BenchmarkLocalExactRangeLocatorQueryCompact/KeySize=1024/Keys=262144,262144.0,1024.0,,,,4374.0,,938964,,,
,,,14.0,,,BenchmarkLocalExactRangeLocatorQueryCompact,,,,,,,112.0,,,,,,,BenchmarkLocalExactRangeLocatorQueryCompact/KeySize=4096/Keys=32,32.0,4096.0,,,,2836.0,,1328644,,,
,,,17.0,,,BenchmarkLocalExactRangeLocatorQueryCompact,,,,,,,143.0,,,,,,,BenchmarkLocalExactRangeLocatorQueryCompact/KeySize=4096/Keys=256,256.0,4096.0,,,,3776.0,,1000000,,,
,,,21.0,,,BenchmarkLocalExactRangeLocatorQueryCompact,,,,,,,171.0,,,,,,,BenchmarkLocalExactRangeLocatorQueryCompact/KeySize=4096/Keys=1024,1024.0,4096.0,,,,4409.0,,796053,,,
,,,22.0,,,BenchmarkLocalExactRangeLocatorQueryCompact,,,,,,,182.0,,,,,,,BenchmarkLocalExactRangeLocatorQueryCompact/KeySize=4096/Keys=8192,8192.0,4096.0,,,,5012.0,,777969,,,
,,,22.0,,,BenchmarkLocalExactRangeLocatorQueryCompact,,,,,,,182.0,,,,,,,BenchmarkLocalExactRangeLocatorQueryCompact/KeySize=4096/Keys=32768,32768.0,4096.0,,,,5159.0,,717583,,,
,,,26.0,,,BenchmarkLocalExactRangeLocatorQueryCompact,,,,,,,212.0,,,,,,,BenchmarkLocalExactRangeLocatorQueryCompact/KeySize=4096/Keys=262144,262144.0,4096.0,,,,5326.0,,756344,,,
,,,3043.0,,,BenchmarkMemoryComparison,,,,,,,255352.0,226.8,,,,245.0,1.08,BenchmarkMemoryComparison/KeySize=64/Keys=32,32.0,64.0,,,,638574.0,,5599,,,
,,,25152.0,,,BenchmarkMemoryComparison,,,,,,,1963203.0,114.8,,,,147.7,1.287,BenchmarkMemoryComparison/KeySize=64/Keys=256,256.0,64.0,,,,5488132.0,,678,,,
,,,117148.0,,,BenchmarkMemoryComparison,,,,,,,7887101.0,104.7,,,,138.4,1.322,BenchmarkMemoryComparison/KeySize=64/Keys=1024,1024.0,64.0,,,,25067202.0,,145,,,
,,,1000541.0,,,BenchmarkMemoryComparison,,,,,,,63521267.0,102.2,,,,131.1,1.283,BenchmarkMemoryComparison/KeySize=64/Keys=8192,8192.0,64.0,,,,224780752.0,,16,,,
,,,4021590.0,,,BenchmarkMemoryComparison,,,,,,,256243576.0,101.4,,,,130.2,1.285,BenchmarkMemoryComparison/KeySize=64/Keys=32768,32768.0,64.0,,,,1009376034.0,,4,,,
,,,35090057.0,,,BenchmarkMemoryComparison,,,,,,,2125720928.0,103.5,,,,135.7,1.311,BenchmarkMemoryComparison/KeySize=64/Keys=262144,262144.0,64.0,,,,10545119918.0,,1,,,
,,,3023.0,,,BenchmarkMemoryComparison,,,,,,,319928.0,226.2,,,,252.2,1.115,BenchmarkMemoryComparison/KeySize=128/Keys=32,32.0,128.0,,,,850189.0,,4396,,,
,,,25035.0,,,BenchmarkMemoryComparison,,,,,,,2210930.0,120.2,,,,159.8,1.329,BenchmarkMemoryComparison/KeySize=128/Keys=256,256.0,128.0,,,,6189706.0,,562,,,
,,,120262.0,,,BenchmarkMemoryComparison,,,,,,,8944591.0,109.4,,,,150.2,1.373,BenchmarkMemoryComparison/KeySize=128/Keys=1024,1024.0,128.0,,,,27608852.0,,123,,,
,,,1112045.0,,,BenchmarkMemoryComparison,,,,,,,67322723.0,105.3,,,,143.1,1.359,BenchmarkMemoryComparison/KeySize=128/Keys=8192,8192.0,128.0,,,,246580830.0,,14,,,
,,,4924905.0,,,BenchmarkMemoryComparison,,,,,,,276621872.0,107.0,,,,142.6,1.333,BenchmarkMemoryComparison/KeySize=128/Keys=32768,32768.0,128.0,,,,1087796770.0,,3,,,
,,,281878274.0,,,BenchmarkMemoryComparison,,,,,,,5030846600.0,109.6,,,,148.3,1.353,BenchmarkMemoryComparison/KeySize=128/Keys=262144,262144.0,128.0,,,,33346442891.0,,1,,,
,,,3115.0,,,BenchmarkMemoryComparison,,,,,,,330896.0,235.2,,,,333.8,1.419,BenchmarkMemoryComparison/KeySize=256/Keys=32,32.0,256.0,,,,989281.0,,3490,,,
,,,26459.0,,,BenchmarkMemoryComparison,,,,,,,2566371.0,125.6,,,,234.6,1.868,BenchmarkMemoryComparison/KeySize=256/Keys=256,256.0,256.0,,,,7355468.0,,489,,,
,,,122479.0,,,BenchmarkMemoryComparison,,,,,,,10654801.0,116.4,,,,229.2,1.968,BenchmarkMemoryComparison/KeySize=256/Keys=1024,1024.0,256.0,,,,33396160.0,,100,,,
,,,1129501.0,,,BenchmarkMemoryComparison,,,,,,,87526872.0,113.6,,,,216.3,1.904,BenchmarkMemoryComparison/KeySize=256/Keys=8192,8192.0,256.0,,,,308479975.0,,10,,,
,,,10562600.0,,,BenchmarkMemoryComparison,,,,,,,412253804.0,113.0,,,,215.6,1.907,BenchmarkMemoryComparison/KeySize=256/Keys=32768,32768.0,256.0,,,,1976679962.0,,2,,,
,,,407363836.0,,,BenchmarkMemoryComparison,,,,,,,6990711104.0,115.5,,,,225.7,1.955,BenchmarkMemoryComparison/KeySize=256/Keys=262144,262144.0,256.0,,,,48189812192.0,,1,,,
,,,3193.0,,,BenchmarkMemoryComparison,,,,,,,340952.0,249.2,,,,361.8,1.451,BenchmarkMemoryComparison/KeySize=512/Keys=32,32.0,512.0,,,,603352.0,,7806,,,
,,,26641.0,,,BenchmarkMemoryComparison,,,,,,,2656029.0,131.5,,,,257.1,1.955,BenchmarkMemoryComparison/KeySize=512/Keys=256,256.0,512.0,,,,4937618.0,,702,,,
,,,125111.0,,,BenchmarkMemoryComparison,,,,,,,11066721.0,123.6,,,,251.5,2.035,BenchmarkMemoryComparison/KeySize=512/Keys=1024,1024.0,512.0,,,,22129837.0,,163,,,
,,,1204670.0,,,BenchmarkMemoryComparison,,,,,,,91923500.0,121.0,,,,239.0,1.976,BenchmarkMemoryComparison/KeySize=512/Keys=8192,8192.0,512.0,,,,204271647.0,,18,,,
,,,6860541.0,,,BenchmarkMemoryComparison,,,,,,,396241814.0,120.0,,,,237.9,1.981,BenchmarkMemoryComparison/KeySize=512/Keys=32768,32768.0,512.0,,,,1015881496.0,,4,,,
,,,339992087.0,,,BenchmarkMemoryComparison,,,,,,,6900373552.0,122.7,,,,248.4,2.025,BenchmarkMemoryComparison/KeySize=512/Keys=262144,262144.0,512.0,,,,28770168216.0,,1,,,
,,,3048.0,,,BenchmarkMemoryComparison,,,,,,,353479.0,250.0,,,,380.2,1.521,BenchmarkMemoryComparison/KeySize=1024/Keys=32,32.0,1024.0,,,,556023.0,,8864,,,
,,,26560.0,,,BenchmarkMemoryComparison,,,,,,,2813088.0,140.3,,,,285.7,2.037,BenchmarkMemoryComparison/KeySize=1024/Keys=256,256.0,1024.0,,,,4760837.0,,745,,,
,,,126569.0,,,BenchmarkMemoryComparison,,,,,,,11860659.0,136.0,,,,279.4,2.055,BenchmarkMemoryComparison/KeySize=1024/Keys=1024,1024.0,1024.0,,,,22818025.0,,160,,,
,,,1182852.0,,,BenchmarkMemoryComparison,,,,,,,100777877.0,130.8,,,,264.4,2.021,BenchmarkMemoryComparison/KeySize=1024/Keys=8192,8192.0,1024.0,,,,234885438.0,,16,,,
,,,8922226.0,,,BenchmarkMemoryComparison,,,,,,,473364682.0,130.5,,,,264.0,2.023,BenchmarkMemoryComparison/KeySize=1024/Keys=32768,32768.0,1024.0,,,,1239970112.0,,3,,,
,,,362032990.0,,,BenchmarkMemoryComparison,,,,,,,8161512784.0,132.6,,,,274.0,2.066,BenchmarkMemoryComparison/KeySize=1024/Keys=262144,262144.0,1024.0,,,,33553126993.0,,1,,,
,,,3048.0,,,BenchmarkMemoryComparison,,,,,,,488647.0,344.5,,,,512.0,1.486,BenchmarkMemoryComparison/KeySize=4096/Keys=32,32.0,4096.0,,,,798342.0,,5799,,,
,,,27271.0,,,BenchmarkMemoryComparison,,,,,,,3983376.0,171.8,,,,347.4,2.023,BenchmarkMemoryComparison/KeySize=4096/Keys=256,256.0,4096.0,,,,6579904.0,,518,,,
,,,125225.0,,,BenchmarkMemoryComparison,,,,,,,16092204.0,176.4,,,,351.7,1.994,BenchmarkMemoryComparison/KeySize=4096/Keys=1024,1024.0,4096.0,,,,29061029.0,,122,,,
,,,1234792.0,,,BenchmarkMemoryComparison,,,,,,,146409107.0,173.7,,,,340.5,1.96,BenchmarkMemoryComparison/KeySize=4096/Keys=8192,8192.0,4096.0,,,,296676040.0,,12,,,
,,,28195850.0,,,BenchmarkMemoryComparison,,,,,,,1409699752.0,174.7,,,,339.4,1.943,BenchmarkMemoryComparison/KeySize=4096/Keys=32768,32768.0,4096.0,,,,3671393320.0,,1,,,
,,,312195124.0,,,BenchmarkMemoryComparison,,,,,,,13492052496.0,177.5,,,,350.2,1.973,BenchmarkMemoryComparison/KeySize=4096/Keys=262144,262144.0,4096.0,,,,36418174159.0,,1,,,
,,,1515.0,,,BenchmarkMemoryDetailed,,,,,,,122993.0,,,,,,,BenchmarkMemoryDetailed/Fast/Keys=32,32.0,,,,,306558.0,,10000,,,
,,,1528.0,,,BenchmarkMemoryDetailed,,,,,,,132361.0,,,,,,,BenchmarkMemoryDetailed/Compact/Keys=32,32.0,,,,,338436.0,,10000,,,
,,,12566.0,,,BenchmarkMemoryDetailed,,,,,,,951052.0,,,,,,,BenchmarkMemoryDetailed/Fast/Keys=256,256.0,,,,,2607026.0,,1425,,,
,,,12586.0,,,BenchmarkMemoryDetailed,,,,,,,1012189.0,,,,,,,BenchmarkMemoryDetailed/Compact/Keys=256,256.0,,,,,2780992.0,,1376,,,
,,,58560.0,,,BenchmarkMemoryDetailed,,,,,,,3829863.0,,,,,,,BenchmarkMemoryDetailed/Fast/Keys=1024,1024.0,,,,,13083597.0,,296,,,
,,,58588.0,,,BenchmarkMemoryDetailed,,,,,,,4057724.0,,,,,,,BenchmarkMemoryDetailed/Compact/Keys=1024,1024.0,,,,,12394848.0,,291,,,
,,,500257.0,,,BenchmarkMemoryDetailed,,,,,,,30897359.0,,,,,,,BenchmarkMemoryDetailed/Fast/Keys=8192,8192.0,,,,,104961977.0,,33,,,
,,,500303.0,,,BenchmarkMemoryDetailed,,,,,,,32647681.0,,,,,,,BenchmarkMemoryDetailed/Compact/Keys=8192,8192.0,,,,,110937541.0,,32,,,
,,,2010973.0,,,BenchmarkMemoryDetailed,,,,,,,124840717.0,,,,,,,BenchmarkMemoryDetailed/Fast/Keys=32768,32768.0,,,,,534473103.0,,7,,,
,,,2011033.0,,,BenchmarkMemoryDetailed,,,,,,,131844068.0,,,,,,,BenchmarkMemoryDetailed/Compact/Keys=32768,32768.0,,,,,506121906.0,,7,,,
,,,17558047.0,,,BenchmarkMemoryDetailed,,,,,,,1044884960.0,,,,,,,BenchmarkMemoryDetailed/Fast/Keys=262144,262144.0,,,,,5264042290.0,,1,,,
,,,17558134.0,,,BenchmarkMemoryDetailed,,,,,,,1102731232.0,,,,,,,BenchmarkMemoryDetailed/Compact/Keys=262144,262144.0,,,,,5090833298.0,,1,,,
,,,9.0,,,BenchmarkTrie_BitString_Insert,,,,,,,654.0,,,,,,,BenchmarkTrie_BitString_Insert,,,,,,4852.0,,1000000,,,
,,,0.0,,,Benchmark_BitMap_BitString_Insert,,,,,,,235.0,,,,,,,Benchmark_BitMap_BitString_Insert,,,,,,645.8,,7697214,,,
,,,27.0,,,Benchmark_iradix_BitString_Insert,,,,,,,10877.0,,,,,,,Benchmark_iradix_BitString_Insert,,,,,,19345.0,,456008,,,
,,,0.0,,,BenchmarkTrie_BitString_Contains_Hit_100k,,,,,,,0.0,,,,,,,BenchmarkTrie_BitString_Contains_Hit_100k,,,,,,60.46,,61480009,,,
,,,0.0,,,Benchmark_StdMap_BitString_Contains_Hit_100k,,,,,,,0.0,,,,,,,Benchmark_StdMap_BitString_Contains_Hit_100k,,,,,,33.19,,100000000,,,
,,,1.0,,,Benchmark_iradix_BitString_Contains_Hit_100k,,,,,,,8.0,,,,,,,Benchmark_iradix_BitString_Contains_Hit_100k,,,,,,130.4,,31269542,,,
,,,5.0,,,BenchmarkTrie_BitString_Contains_Miss_100k,,,,,,,43.0,,,,,,,BenchmarkTrie_BitString_Contains_Miss_100k,,,,,,1989.0,,2138127,,,
,,,0.0,,,Benchmark_StdMap_BitString_Contains_Miss_100k,,,,,,,0.0,,,,,,,Benchmark_StdMap_BitString_Contains_Miss_100k,,,,,,63.29,,57747232,,,
,,,1.0,,,Benchmark_iradix_BitString_Contains_Miss_100k,,,,,,,8.0,,,,,,,Benchmark_iradix_BitString_Contains_Miss_100k,,,,,,467.1,,8410282,,,
,,,2.0,,,BenchmarkTrie_BitString_Erase_Hit_100k,,,,,,,23.0,,,,,,,BenchmarkTrie_BitString_Erase_Hit_100k,,,,,,3218.0,,1000000,,,
,,,11.0,,,BenchmarkTrie_BitString_Insert_Erase_100k,,,,,,,207.0,,,,,,,BenchmarkTrie_BitString_Insert_Erase_100k,,,,,,1603.0,,2190394,,,
,,,0.0,,,Benchmark_StdMap_BitString_Insert_Erase_100k,,,,,,,0.0,,,,,,,Benchmark_StdMap_BitString_Insert_Erase_100k,,,,,,107.0,,33367300,,,
,,,53.0,,,Benchmark_iradix_BitString_Insert_Erase_100k,,,,,,,20682.0,,,,,,,Benchmark_iradix_BitString_Insert_Erase_100k,,,,,,43704.0,,81040,,,
,,,5195.0,,,BenchmarkMemory,214.9,,,,,,1477764.0,,,,,,,BenchmarkMemory/HZFT/L=64/N=1024,,,64.0,,1024.0,2593506.0,,1432,,,
,,,5223.0,,,BenchmarkMemory,38.18,,,,,,1687190.0,,,,,,,BenchmarkMemory/SHZFT/L=64/N=1024,,,64.0,,1024.0,2621707.0,,1341,,,
,,,37142.0,,,BenchmarkMemory,196.3,,,,,,11836784.0,,,,,,,BenchmarkMemory/HZFT/L=64/N=8192,,,64.0,,8192.0,22461196.0,,170,,,
,,,37187.0,,,BenchmarkMemory,35.6,,,,,,13456679.0,,,,,,,BenchmarkMemory/SHZFT/L=64/N=8192,,,64.0,,8192.0,25846762.0,,142,,,
,,,147651.0,,,BenchmarkMemory,195.4,,,,,,48324231.0,,,,,,,BenchmarkMemory/HZFT/L=64/N=32768,,,64.0,,32768.0,115323712.0,,28,,,
,,,147711.0,,,BenchmarkMemory,35.19,,,,,,54805667.0,,,,,,,BenchmarkMemory/SHZFT/L=64/N=32768,,,64.0,,32768.0,138661714.0,,24,,,
,,,1308635.0,,,BenchmarkMemory,212.9,,,,,,413205540.0,,,,,,,BenchmarkMemory/HZFT/L=64/N=262144,,,64.0,,262144.0,1569423156.0,,2,,,
,,,1308719.0,,,BenchmarkMemory,37.61,,,,,,466365634.0,,,,,,,BenchmarkMemory/SHZFT/L=64/N=262144,,,64.0,,262144.0,1615166142.0,,3,,,
,,,5231.0,,,BenchmarkMemory,251.2,,,,,,1936407.0,,,,,,,BenchmarkMemory/HZFT/L=128/N=1024,,,128.0,,1024.0,3917450.0,,872,,,
,,,5260.0,,,BenchmarkMemory,42.93,,,,,,2211131.0,,,,,,,BenchmarkMemory/SHZFT/L=128/N=1024,,,128.0,,1024.0,4504014.0,,786,,,
,,,37131.0,,,BenchmarkMemory,232.0,,,,,,12963377.0,,,,,,,BenchmarkMemory/HZFT/L=128/N=8192,,,128.0,,8192.0,32167127.0,,94,,,
,,,37178.0,,,BenchmarkMemory,38.4,,,,,,14683031.0,,,,,,,BenchmarkMemory/SHZFT/L=128/N=8192,,,128.0,,8192.0,33349342.0,,110,,,
,,,147309.0,,,BenchmarkMemory,230.7,,,,,,52707542.0,,,,,,,BenchmarkMemory/HZFT/L=128/N=32768,,,128.0,,32768.0,143151638.0,,26,,,
,,,147372.0,,,BenchmarkMemory,39.99,,,,,,59529355.0,,,,,,,BenchmarkMemory/SHZFT/L=128/N=32768,,,128.0,,32768.0,161011042.0,,21,,,
,,,1311735.0,,,BenchmarkMemory,248.5,,,,,,548603956.0,,,,,,,BenchmarkMemory/HZFT/L=128/N=262144,,,128.0,,262144.0,1899307599.0,,2,,,
,,,1311833.0,,,BenchmarkMemory,42.26,,,,,,618374060.0,,,,,,,BenchmarkMemory/SHZFT/L=128/N=262144,,,128.0,,262144.0,1856449632.0,,2,,,
,,,5302.0,,,BenchmarkMemory,288.9,,,,,,2618742.0,,,,,,,BenchmarkMemory/HZFT/L=256/N=1024,,,256.0,,1024.0,5016471.0,,693,,,
,,,5333.0,,,BenchmarkMemory,47.69,,,,,,2987415.0,,,,,,,BenchmarkMemory/SHZFT/L=256/N=1024,,,256.0,,1024.0,5733697.0,,632,,,
,,,37264.0,,,BenchmarkMemory,267.2,,,,,,21301414.0,,,,,,,BenchmarkMemory/HZFT/L=256/N=8192,,,256.0,,8192.0,41264243.0,,75,,,
,,,37312.0,,,BenchmarkMemory,44.9,,,,,,24111962.0,,,,,,,BenchmarkMemory/SHZFT/L=256/N=8192,,,256.0,,8192.0,45628757.0,,69,,,
,,,148361.0,,,BenchmarkMemory,266.6,,,,,,86009122.0,,,,,,,BenchmarkMemory/HZFT/L=256/N=32768,,,256.0,,32768.0,195146111.0,,18,,,
,,,148423.0,,,BenchmarkMemory,44.63,,,,,,97154583.0,,,,,,,BenchmarkMemory/SHZFT/L=256/N=32768,,,256.0,,32768.0,202223196.0,,16,,,
,,,1317434.0,,,BenchmarkMemory,284.3,,,,,,695408788.0,,,,,,,BenchmarkMemory/HZFT/L=256/N=262144,,,256.0,,262144.0,2276601513.0,,2,,,
,,,1317528.0,,,BenchmarkMemory,46.7,,,,,,787215220.0,,,,,,,BenchmarkMemory/SHZFT/L=256/N=262144,,,256.0,,262144.0,2250931253.0,,2,,,
,,,5282.0,,,BenchmarkMemory,324.0,,,,,,2652742.0,,,,,,,BenchmarkMemory/HZFT/L=512/N=1024,,,512.0,,1024.0,5039070.0,,679,,,
,,,5314.0,,,BenchmarkMemory,51.88,,,,,,3029863.0,,,,,,,BenchmarkMemory/SHZFT/L=512/N=1024,,,512.0,,1024.0,5411790.0,,625,,,
,,,37210.0,,,BenchmarkMemory,302.6,,,,,,21774523.0,,,,,,,BenchmarkMemory/HZFT/L=512/N=8192,,,512.0,,8192.0,42598781.0,,100,,,
,,,37260.0,,,BenchmarkMemory,49.05,,,,,,24677999.0,,,,,,,BenchmarkMemory/SHZFT/L=512/N=8192,,,512.0,,8192.0,47193600.0,,100,,,
,,,148020.0,,,BenchmarkMemory,301.8,,,,,,87955003.0,,,,,,,BenchmarkMemory/HZFT/L=512/N=32768,,,512.0,,32768.0,185873138.0,,18,,,
,,,148086.0,,,BenchmarkMemory,48.79,,,,,,99566407.0,,,,,,,BenchmarkMemory/SHZFT/L=512/N=32768,,,512.0,,32768.0,220531750.0,,18,,,
,,,1316736.0,,,BenchmarkMemory,320.0,,,,,,739765156.0,,,,,,,BenchmarkMemory/HZFT/L=512/N=262144,,,512.0,,262144.0,2538714294.0,,2,,,
,,,1316830.0,,,BenchmarkMemory,50.88,,,,,,833922676.0,,,,,,,BenchmarkMemory/SHZFT/L=512/N=262144,,,512.0,,262144.0,3011754092.0,,2,,,
,,,5266.0,,,BenchmarkMemory,358.2,,,,,,2693589.0,,,,,,,BenchmarkMemory/HZFT/L=1024/N=1024,,,1024.0,,1024.0,4806928.0,,727,,,
,,,5299.0,,,BenchmarkMemory,54.69,,,,,,3080343.0,,,,,,,BenchmarkMemory/SHZFT/L=1024/N=1024,,,1024.0,,1024.0,5303664.0,,651,,,
,,,37205.0,,,BenchmarkMemory,338.2,,,,,,23257547.0,,,,,,,BenchmarkMemory/HZFT/L=1024/N=8192,,,1024.0,,8192.0,44504316.0,,100,,,
,,,37255.0,,,BenchmarkMemory,53.1,,,,,,26234751.0,,,,,,,BenchmarkMemory/SHZFT/L=1024/N=8192,,,1024.0,,8192.0,48642605.0,,100,,,
,,,148291.0,,,BenchmarkMemory,337.8,,,,,,93804772.0,,,,,,,BenchmarkMemory/HZFT/L=1024/N=32768,,,1024.0,,32768.0,220314573.0,,15,,,
,,,148358.0,,,BenchmarkMemory,52.9,,,,,,105711132.0,,,,,,,BenchmarkMemory/SHZFT/L=1024/N=32768,,,1024.0,,32768.0,254337841.0,,13,,,
,,,1316379.0,,,BenchmarkMemory,355.6,,,,,,749435720.0,,,,,,,BenchmarkMemory/HZFT/L=1024/N=262144,,,1024.0,,262144.0,3643940860.0,,1,,,
,,,1316473.0,,,BenchmarkMemory,54.95,,,,,,845952728.0,,,,,,,BenchmarkMemory/SHZFT/L=1024/N=262144,,,1024.0,,262144.0,3850139032.0,,1,,,
,,,5296.0,,,BenchmarkMemory,431.1,,,,,,2941631.0,,,,,,,BenchmarkMemory/HZFT/L=4096/N=1024,,,4096.0,,1024.0,6264792.0,,548,,,
,,,5329.0,,,BenchmarkMemory,63.38,,,,,,3347457.0,,,,,,,BenchmarkMemory/SHZFT/L=4096/N=1024,,,4096.0,,1024.0,7216046.0,,482,,,
,,,37151.0,,,BenchmarkMemory,409.3,,,,,,23862577.0,,,,,,,BenchmarkMemory/HZFT/L=4096/N=8192,,,4096.0,,8192.0,60743807.0,,82,,,
,,,37203.0,,,BenchmarkMemory,59.13,,,,,,26987498.0,,,,,,,BenchmarkMemory/SHZFT/L=4096/N=8192,,,4096.0,,8192.0,64595035.0,,74,,,
,,,148001.0,,,BenchmarkMemory,408.9,,,,,,102012572.0,,,,,,,BenchmarkMemory/HZFT/L=4096/N=32768,,,4096.0,,32768.0,351583439.0,,9,,,
,,,148070.0,,,BenchmarkMemory,61.0,,,,,,114516835.0,,,,,,,BenchmarkMemory/SHZFT/L=4096/N=32768,,,4096.0,,32768.0,392421062.0,,8,,,
,,,10.0,,,BenchmarkZFastTrie_Insert_Text,,,,,,,3238.0,,,,,,,BenchmarkZFastTrie_Insert_Text,,,,,,20547.0,,1000000,,,
,,,22866.0,,,BenchmarkCompressedTrie_Build_Text,,,,,,,6478912.0,,,,,,,BenchmarkCompressedTrie_Build_Text,,,,,,6697644.0,,556,,,
,,,1.0,,,BenchmarkZFastTrie_Lookup_Hit_1K,,,,,,,23.0,,,,,,,BenchmarkZFastTrie_Lookup_Hit_1K,,,,,,109.4,,35959038,,,
,,,9.0,,,BenchmarkCompressedTrie_Lookup_Hit_1K,,,,,,,38.0,,,,,,,BenchmarkCompressedTrie_Lookup_Hit_1K,,,,,,66358.0,,58797,,,
,,,1.0,,,BenchmarkZFastTrie_Lookup_Hit_10K,,,,,,,23.0,,,,,,,BenchmarkZFastTrie_Lookup_Hit_10K,,,,,,132.6,,23633006,,,
,,,9.0,,,BenchmarkCompressedTrie_Lookup_Hit_10K,,,,,,,38.0,,,,,,,BenchmarkCompressedTrie_Lookup_Hit_10K,,,,,,91736.0,,40573,,,
,,,1.0,,,BenchmarkZFastTrie_Lookup_Hit_100K,,,,,,,23.0,,,,,,,BenchmarkZFastTrie_Lookup_Hit_100K,,,,,,148.5,,25963262,,,
,,,9.0,,,BenchmarkCompressedTrie_Lookup_Hit_100K,,,,,,,38.0,,,,,,,BenchmarkCompressedTrie_Lookup_Hit_100K,,,,,,96766.0,,33248,,,
,,,7.0,,,BenchmarkZFastTrie_Lookup_Miss_1K,,,,,,,72.0,,,,,,,BenchmarkZFastTrie_Lookup_Miss_1K,,,,,,479.0,,7373442,,,
,,,8.0,,,BenchmarkCompressedTrie_Lookup_Miss_1K,,,,,,,32.0,,,,,,,BenchmarkCompressedTrie_Lookup_Miss_1K,,,,,,51878.0,,74148,,,
,,,7.0,,,BenchmarkZFastTrie_Lookup_Miss_100K,,,,,,,72.0,,,,,,,BenchmarkZFastTrie_Lookup_Miss_100K,,,,,,871.6,,4552099,,,
,,,8.0,,,BenchmarkCompressedTrie_Lookup_Miss_100K,,,,,,,32.0,,,,,,,BenchmarkCompressedTrie_Lookup_Miss_100K,,,,,,81785.0,,39280,,,
,,,5.0,,,BenchmarkZFastTrie_PrefixSearch_1K,,,,,,,56.0,,,,,,,BenchmarkZFastTrie_PrefixSearch_1K,,,,,,447.8,,8046714,,,
,,,969.0,,,BenchmarkZFastTrie_MemoryUsage_Build,,,,,,,47088.0,,,,,,,BenchmarkZFastTrie_MemoryUsage_Build/Size_100,,,,,,283973.0,,12614,,,
,,,10044.0,,,BenchmarkZFastTrie_MemoryUsage_Build,,,,,,,670288.0,,,,,,,BenchmarkZFastTrie_MemoryUsage_Build/Size_1000,,,,,,1486717.0,,2361,,,
,,,99156.0,,,BenchmarkZFastTrie_MemoryUsage_Build,,,,,,,5948839.0,,,,,,,BenchmarkZFastTrie_MemoryUsage_Build/Size_10000,,,,,,20146576.0,,157,,,
,,,2651.0,,,BenchmarkCompressedTrie_MemoryUsage_Build,,,,,,,593272.0,,,,,,,BenchmarkCompressedTrie_MemoryUsage_Build/Size_100,,,,,,514028.0,,7160,,,
,,,22895.0,,,BenchmarkCompressedTrie_MemoryUsage_Build,,,,,,,6799232.0,,,,,,,BenchmarkCompressedTrie_MemoryUsage_Build/Size_1000,,,,,,5806160.0,,627,,,
,,,206103.0,,,BenchmarkCompressedTrie_MemoryUsage_Build,,,,,,,60337320.0,,,,,,,BenchmarkCompressedTrie_MemoryUsage_Build/Size_10000,,,,,,131760693.0,,27,,,
,,,0.0,,,BenchmarkTrie_ByStrLen_Insert,,,,,,,0.0,,,,,,,BenchmarkTrie_ByStrLen_Insert/Len8,,,,,,195.0,,18851398,,,
,,,0.0,,,BenchmarkTrie_ByStrLen_Insert,,,,,,,2.0,,,,,,,BenchmarkTrie_ByStrLen_Insert/Len16,,,,,,230.8,,16830072,,,
,,,8.0,,,BenchmarkTrie_ByStrLen_Insert,,,,,,,647.0,,,,,,,BenchmarkTrie_ByStrLen_Insert/Len32,,,,,,3685.0,,1000000,,,
,,,9.0,,,BenchmarkTrie_ByStrLen_Insert,,,,,,,654.0,,,,,,,BenchmarkTrie_ByStrLen_Insert/Len64,,,,,,4086.0,,1000000,,,
,,,9.0,,,BenchmarkTrie_ByStrLen_Insert,,,,,,,654.0,,,,,,,BenchmarkTrie_ByStrLen_Insert/Len128,,,,,,4032.0,,1000000,,,
,,,9.0,,,BenchmarkTrie_ByStrLen_Insert,,,,,,,654.0,,,,,,,BenchmarkTrie_ByStrLen_Insert/Len256,,,,,,4366.0,,1000000,,,
,,,9.0,,,BenchmarkTrie_ByStrLen_Insert,,,,,,,655.0,,,,,,,BenchmarkTrie_ByStrLen_Insert/Len512,,,,,,4237.0,,1000000,,,
,,,9.0,,,BenchmarkTrie_ByStrLen_Insert,,,,,,,654.0,,,,,,,BenchmarkTrie_ByStrLen_Insert/Len1024,,,,,,4470.0,,1000000,,,
,,,9.0,,,BenchmarkTrie_ByStrLen_Insert,,,,,,,654.0,,,,,,,BenchmarkTrie_ByStrLen_Insert/Len2048,,,,,,4434.0,,1000000,,,
,,,9.0,,,BenchmarkTrie_ByStrLen_Insert,,,,,,,654.0,,,,,,,BenchmarkTrie_ByStrLen_Insert/Len4096,,,,,,4781.0,,1000000,,,
,,,9.0,,,BenchmarkTrie_ByStrLen_Insert,,,,,,,654.0,,,,,,,BenchmarkTrie_ByStrLen_Insert/Len8192,,,,,,5298.0,,1000000,,,
,,,9.0,,,BenchmarkTrie_ByStrLen_Insert,,,,,,,481.0,,,,,,,BenchmarkTrie_ByStrLen_Insert/Len16384,,,,,,6356.0,,795165,,,
,,,0.0,,,BenchmarkTrie_ByStrLen_GetExitNode_Hit,,,,,,,0.0,,,,,,,BenchmarkTrie_ByStrLen_GetExitNode_Hit/Len8,,,,,,39.93,,82312146,,,
,,,0.0,,,BenchmarkTrie_ByStrLen_GetExitNode_Hit,,,,,,,0.0,,,,,,,BenchmarkTrie_ByStrLen_GetExitNode_Hit/Len16,,,,,,49.27,,71537092,,,
,,,0.0,,,BenchmarkTrie_ByStrLen_GetExitNode_Hit,,,,,,,0.0,,,,,,,BenchmarkTrie_ByStrLen_GetExitNode_Hit/Len32,,,,,,51.72,,70813831,,,
,,,0.0,,,BenchmarkTrie_ByStrLen_GetExitNode_Hit,,,,,,,0.0,,,,,,,BenchmarkTrie_ByStrLen_GetExitNode_Hit/Len64,,,,,,51.3,,71093167,,,
,,,0.0,,,BenchmarkTrie_ByStrLen_GetExitNode_Hit,,,,,,,0.0,,,,,,,BenchmarkTrie_ByStrLen_GetExitNode_Hit/Len128,,,,,,54.16,,64676834,,,
,,,0.0,,,BenchmarkTrie_ByStrLen_GetExitNode_Hit,,,,,,,0.0,,,,,,,BenchmarkTrie_ByStrLen_GetExitNode_Hit/Len256,,,,,,59.47,,61976962,,,
,,,0.0,,,BenchmarkTrie_ByStrLen_GetExitNode_Hit,,,,,,,0.0,,,,,,,BenchmarkTrie_ByStrLen_GetExitNode_Hit/Len512,,,,,,79.66,,46612382,,,
,,,0.0,,,BenchmarkTrie_ByStrLen_GetExitNode_Hit,,,,,,,0.0,,,,,,,BenchmarkTrie_ByStrLen_GetExitNode_Hit/Len1024,,,,,,113.8,,28024474,,,
,,,0.0,,,BenchmarkTrie_ByStrLen_GetExitNode_Hit,,,,,,,0.0,,,,,,,BenchmarkTrie_ByStrLen_GetExitNode_Hit/Len2048,,,,,,180.2,,17968201,,,
,,,0.0,,,BenchmarkTrie_ByStrLen_GetExitNode_Hit,,,,,,,0.0,,,,,,,BenchmarkTrie_ByStrLen_GetExitNode_Hit/Len4096,,,,,,324.9,,10879887,,,
,,,0.0,,,BenchmarkTrie_ByStrLen_GetExitNode_Hit,,,,,,,0.0,,,,,,,BenchmarkTrie_ByStrLen_GetExitNode_Hit/Len8192,,,,,,581.5,,7336357,,,
,,,0.0,,,BenchmarkTrie_ByStrLen_GetExitNode_Hit,,,,,,,0.0,,,,,,,BenchmarkTrie_ByStrLen_GetExitNode_Hit/Len16384,,,,,,927.9,,3809178,,,
,,,0.0,,,BenchmarkTrie_ByStrLen_GetExitNode_Miss,,,,,,,0.0,,,,,,,BenchmarkTrie_ByStrLen_GetExitNode_Miss/Len8,,,,,,109.8,,41488615,,,
,,,0.0,,,BenchmarkTrie_ByStrLen_GetExitNode_Miss,,,,,,,6.0,,,,,,,BenchmarkTrie_ByStrLen_GetExitNode_Miss/Len16,,,,,,192.0,,20378516,,,
,,,4.0,,,BenchmarkTrie_ByStrLen_GetExitNode_Miss,,,,,,,38.0,,,,,,,BenchmarkTrie_ByStrLen_GetExitNode_Miss/Len32,,,,,,796.2,,4575145,,,
,,,5.0,,,BenchmarkTrie_ByStrLen_GetExitNode_Miss,,,,,,,46.0,,,,,,,BenchmarkTrie_ByStrLen_GetExitNode_Miss/Len64,,,,,,1000.0,,3575802,,,
,,,5.0,,,BenchmarkTrie_ByStrLen_GetExitNode_Miss,,,,,,,45.0,,,,,,,BenchmarkTrie_ByStrLen_GetExitNode_Miss/Len128,,,,,,1000.0,,3584823,,,
,,,5.0,,,BenchmarkTrie_ByStrLen_GetExitNode_Miss,,,,,,,45.0,,,,,,,BenchmarkTrie_ByStrLen_GetExitNode_Miss/Len256,,,,,,1215.0,,2845550,,,
,,,5.0,,,BenchmarkTrie_ByStrLen_GetExitNode_Miss,,,,,,,45.0,,,,,,,BenchmarkTrie_ByStrLen_GetExitNode_Miss/Len512,,,,,,1230.0,,2608248,,,
,,,5.0,,,BenchmarkTrie_ByStrLen_GetExitNode_Miss,,,,,,,45.0,,,,,,,BenchmarkTrie_ByStrLen_GetExitNode_Miss/Len1024,,,,,,1297.0,,2463354,,,
,,,5.0,,,BenchmarkTrie_ByStrLen_GetExitNode_Miss,,,,,,,45.0,,,,,,,BenchmarkTrie_ByStrLen_GetExitNode_Miss/Len2048,,,,,,1696.0,,2293974,,,
,,,5.0,,,BenchmarkTrie_ByStrLen_GetExitNode_Miss,,,,,,,45.0,,,,,,,BenchmarkTrie_ByStrLen_GetExitNode_Miss/Len4096,,,,,,1761.0,,1932771,,,
,,,5.0,,,BenchmarkTrie_ByStrLen_GetExitNode_Miss,,,,,,,45.0,,,,,,,BenchmarkTrie_ByStrLen_GetExitNode_Miss/Len8192,,,,,,2033.0,,1766898,,,
,,,5.0,,,BenchmarkTrie_ByStrLen_GetExitNode_Miss,,,,,,,45.0,,,,,,,BenchmarkTrie_ByStrLen_GetExitNode_Miss/Len16384,,,,,,1882.0,,1842526,,,
,,,5.0,,,BenchmarkQuery,,,,,,,45.0,,,,,,,BenchmarkQuery/HZFT/Query/L=64/N=1024,,,64.0,,1024.0,620.4,,5990589,,,
,,,5.0,,,BenchmarkQuery,,,,,,,45.0,,,,,,,BenchmarkQuery/SHZFT/Query/L=64/N=1024,,,64.0,,1024.0,1110.0,,3247422,,,
,,,5.0,,,BenchmarkQuery,,,,,,,45.0,,,,,,,BenchmarkQuery/HZFT/Query/L=64/N=8192,,,64.0,,8192.0,723.4,,4803928,,,
,,,5.0,,,BenchmarkQuery,,,,,,,45.0,,,,,,,BenchmarkQuery/SHZFT/Query/L=64/N=8192,,,64.0,,8192.0,1215.0,,3014247,,,
,,,5.0,,,BenchmarkQuery,,,,,,,45.0,,,,,,,BenchmarkQuery/HZFT/Query/L=64/N=32768,,,64.0,,32768.0,884.4,,4242633,,,
,,,5.0,,,BenchmarkQuery,,,,,,,45.0,,,,,,,BenchmarkQuery/SHZFT/Query/L=64/N=32768,,,64.0,,32768.0,1416.0,,2212585,,,
,,,5.0,,,BenchmarkQuery,,,,,,,45.0,,,,,,,BenchmarkQuery/HZFT/Query/L=64/N=262144,,,64.0,,262144.0,1389.0,,2581275,,,
,,,5.0,,,BenchmarkQuery,,,,,,,45.0,,,,,,,BenchmarkQuery/SHZFT/Query/L=64/N=262144,,,64.0,,262144.0,1818.0,,2035837,,,
,,,5.0,,,BenchmarkQuery,,,,,,,46.0,,,,,,,BenchmarkQuery/HZFT/Query/L=256/N=1024,,,256.0,,1024.0,889.5,,4016373,,,
,,,5.0,,,BenchmarkQuery,,,,,,,46.0,,,,,,,BenchmarkQuery/SHZFT/Query/L=256/N=1024,,,256.0,,1024.0,1851.0,,2001404,,,
,,,5.0,,,BenchmarkQuery,,,,,,,45.0,,,,,,,BenchmarkQuery/HZFT/Query/L=256/N=8192,,,256.0,,8192.0,1003.0,,3447484,,,
,,,5.0,,,BenchmarkQuery,,,,,,,45.0,,,,,,,BenchmarkQuery/SHZFT/Query/L=256/N=8192,,,256.0,,8192.0,2153.0,,1684632,,,
,,,5.0,,,BenchmarkQuery,,,,,,,45.0,,,,,,,BenchmarkQuery/HZFT/Query/L=256/N=32768,,,256.0,,32768.0,1286.0,,2997890,,,
,,,5.0,,,BenchmarkQuery,,,,,,,45.0,,,,,,,BenchmarkQuery/SHZFT/Query/L=256/N=32768,,,256.0,,32768.0,2205.0,,1633278,,,
,,,5.0,,,BenchmarkQuery,,,,,,,45.0,,,,,,,BenchmarkQuery/HZFT/Query/L=256/N=262144,,,256.0,,262144.0,1917.0,,1890291,,,
,,,5.0,,,BenchmarkQuery,,,,,,,45.0,,,,,,,BenchmarkQuery/SHZFT/Query/L=256/N=262144,,,256.0,,262144.0,3166.0,,1000000,,,
,,,5.0,,,BenchmarkQuery,,,,,,,45.0,,,,,,,BenchmarkQuery/HZFT/Query/L=1024/N=1024,,,1024.0,,1024.0,1017.0,,3377630,,,
,,,5.0,,,BenchmarkQuery,,,,,,,45.0,,,,,,,BenchmarkQuery/SHZFT/Query/L=1024/N=1024,,,1024.0,,1024.0,2882.0,,1242216,,,
,,,5.0,,,BenchmarkQuery,,,,,,,45.0,,,,,,,BenchmarkQuery/HZFT/Query/L=1024/N=8192,,,1024.0,,8192.0,1172.0,,2930713,,,
,,,5.0,,,BenchmarkQuery,,,,,,,45.0,,,,,,,BenchmarkQuery/SHZFT/Query/L=1024/N=8192,,,1024.0,,8192.0,3140.0,,1000000,,,
,,,5.0,,,BenchmarkQuery,,,,,,,45.0,,,,,,,BenchmarkQuery/HZFT/Query/L=1024/N=32768,,,1024.0,,32768.0,1432.0,,2459097,,,
,,,5.0,,,BenchmarkQuery,,,,,,,45.0,,,,,,,BenchmarkQuery/SHZFT/Query/L=1024/N=32768,,,1024.0,,32768.0,3392.0,,1000000,,,
,,,5.0,,,BenchmarkQuery,,,,,,,45.0,,,,,,,BenchmarkQuery/HZFT/Query/L=1024/N=262144,,,1024.0,,262144.0,2198.0,,1678062,,,
,,,5.0,,,BenchmarkQuery,,,,,,,45.0,,,,,,,BenchmarkQuery/SHZFT/Query/L=1024/N=262144,,,1024.0,,262144.0,3777.0,,945253,,,
,,,5.0,,,BenchmarkQuery,,,,,,,45.0,,,,,,,BenchmarkQuery/HZFT/Query/L=4096/N=1024,,,4096.0,,1024.0,1249.0,,2972071,,,
,,,5.0,,,BenchmarkQuery,,,,,,,45.0,,,,,,,BenchmarkQuery/SHZFT/Query/L=4096/N=1024,,,4096.0,,1024.0,3371.0,,946604,,,
,,,5.0,,,BenchmarkQuery,,,,,,,45.0,,,,,,,BenchmarkQuery/HZFT/Query/L=4096/N=8192,,,4096.0,,8192.0,1291.0,,2730891,,,
,,,5.0,,,BenchmarkQuery,,,,,,,45.0,,,,,,,BenchmarkQuery/SHZFT/Query/L=4096/N=8192,,,4096.0,,8192.0,3815.0,,824521,,,
,,,5.0,,,BenchmarkQuery,,,,,,,45.0,,,,,,,BenchmarkQuery/HZFT/Query/L=4096/N=32768,,,4096.0,,32768.0,1862.0,,2388982,,,
,,,5.0,,,BenchmarkQuery,,,,,,,45.0,,,,,,,BenchmarkQuery/SHZFT/Query/L=4096/N=32768,,,4096.0,,32768.0,4116.0,,799509,,,
,,,5848.0,,,BenchmarkMemoryAlloc_AZFT_Heavy,,,,,,,1656067.0,,,,,,,BenchmarkMemoryAlloc_AZFT_Heavy,,,,,,2411949.0,,1498,,,
,,,5848.0,,,BenchmarkMemoryAlloc_AZFT_Streaming,,,,,,,1656067.0,,,,,,,BenchmarkMemoryAlloc_AZFT_Streaming,,,,,,2448061.0,,1489,,,
,,,224.0,,1.0,BenchmarkMonotoneHashWithTrieBuild,,40.25,,,,161.0,9144.0,,,,,,,BenchmarkMonotoneHashWithTrieBuild/Keys=32,32.0,,,1.0,,28699.0,,122568,,,
,,,1579.0,,1.0,BenchmarkMonotoneHashWithTrieBuild,,15.28,,,,489.0,24136.0,,,,,,,BenchmarkMonotoneHashWithTrieBuild/Keys=256,256.0,,,1.0,,124735.0,,28657,,,
,,,6944.0,,1.0,BenchmarkMonotoneHashWithTrieBuild,,14.34,,,,1836.0,82800.0,,,,,,,BenchmarkMonotoneHashWithTrieBuild/Keys=1024,1024.0,,,1.0,,516189.0,,6652,,,
,,,70847.0,,1.0,BenchmarkMonotoneHashWithTrieBuild,,14.5,,,,14848.0,764041.0,,,,,,,BenchmarkMonotoneHashWithTrieBuild/Keys=8192,8192.0,,,1.0,,8596712.0,,439,,,
,,,319674.0,,1.0,BenchmarkMonotoneHashWithTrieBuild,,14.37,,,,58840.0,3335663.0,,,,,,,BenchmarkMonotoneHashWithTrieBuild/Keys=32768,32768.0,,,1.0,,32851555.0,,96,,,
,,,2668087.0,,1.0,BenchmarkMonotoneHashWithTrieBuild,,14.3,,,,468696.0,27614435.0,,,,,,,BenchmarkMonotoneHashWithTrieBuild/Keys=262144,262144.0,,,1.0,,298829142.0,,13,,,
,,,11476009.0,,1.0,BenchmarkMonotoneHashWithTrieBuild,,14.29,,,,1873112.0,116936186.0,,,,,,,BenchmarkMonotoneHashWithTrieBuild/Keys=1048576,1048576.0,,,1.0,,1248402681.0,,3,,,
,,,93009422.0,,1.0,BenchmarkMonotoneHashWithTrieBuild,,14.3,,,,14991000.0,948057624.0,,,,,,,BenchmarkMonotoneHashWithTrieBuild/Keys=8388608,8388608.0,,,1.0,,11455516883.0,,1,,,
,,,5.0,,,BenchmarkMonotoneHashWithTrieLookup,,,,,,,46.0,,,,,,,BenchmarkMonotoneHashWithTrieLookup/Keys=32,32.0,,,,,339.5,,10767948,,,
,,,5.0,,,BenchmarkMonotoneHashWithTrieLookup,,,,,,,47.0,,,,,,,BenchmarkMonotoneHashWithTrieLookup/Keys=256,256.0,,,,,373.0,,9924242,,,
,,,6.0,,,BenchmarkMonotoneHashWithTrieLookup,,,,,,,53.0,,,,,,,BenchmarkMonotoneHashWithTrieLookup/Keys=1024,1024.0,,,,,422.7,,8657784,,,
,,,8.0,,,BenchmarkMonotoneHashWithTrieLookup,,,,,,,67.0,,,,,,,BenchmarkMonotoneHashWithTrieLookup/Keys=8192,8192.0,,,,,938.3,,3668323,,,
,,,9.0,,,BenchmarkMonotoneHashWithTrieLookup,,,,,,,76.0,,,,,,,BenchmarkMonotoneHashWithTrieLookup/Keys=32768,32768.0,,,,,961.8,,3859419,,,
,,,10.0,,,BenchmarkMonotoneHashWithTrieLookup,,,,,,,80.0,,,,,,,BenchmarkMonotoneHashWithTrieLookup/Keys=262144,262144.0,,,,,955.9,,3765562,,,
,,,10.0,,,BenchmarkMonotoneHashWithTrieLookup,,,,,,,86.0,,,,,,,BenchmarkMonotoneHashWithTrieLookup/Keys=1048576,1048576.0,,,,,1048.0,,3377134,,,
,,,10.0,,,BenchmarkMonotoneHashWithTrieLookup,,,,,,,87.0,,,,,,,BenchmarkMonotoneHashWithTrieLookup/Keys=8388608,8388608.0,,,,,716.5,,5723440,,,
,,,5.0,,,BenchmarkMonotoneHashWithTrieLookupMiss,,,,,,,47.0,,,,,,,BenchmarkMonotoneHashWithTrieLookupMiss/Keys=32,32.0,,,,,372.6,,8701990,,,
,,,6.0,,,BenchmarkMonotoneHashWithTrieLookupMiss,,,,,,,48.0,,,,,,,BenchmarkMonotoneHashWithTrieLookupMiss/Keys=256,256.0,,,,,396.9,,9604310,,,
,,,6.0,,,BenchmarkMonotoneHashWithTrieLookupMiss,,,,,,,53.0,,,,,,,BenchmarkMonotoneHashWithTrieLookupMiss/Keys=1024,1024.0,,,,,450.8,,7092748,,,
,,,8.0,,,BenchmarkMonotoneHashWithTrieLookupMiss,,,,,,,67.0,,,,,,,BenchmarkMonotoneHashWithTrieLookupMiss/Keys=8192,8192.0,,,,,1013.0,,4014368,,,
,,,9.0,,,BenchmarkMonotoneHashWithTrieLookupMiss,,,,,,,76.0,,,,,,,BenchmarkMonotoneHashWithTrieLookupMiss/Keys=32768,32768.0,,,,,1130.0,,3495976,,,
,,,10.0,,,BenchmarkMonotoneHashWithTrieLookupMiss,,,,,,,80.0,,,,,,,BenchmarkMonotoneHashWithTrieLookupMiss/Keys=262144,262144.0,,,,,1208.0,,3076328,,,
,,,10.0,,,BenchmarkMonotoneHashWithTrieLookupMiss,,,,,,,86.0,,,,,,,BenchmarkMonotoneHashWithTrieLookupMiss/Keys=1048576,1048576.0,,,,,1223.0,,3018340,,,
,,,10.0,,,BenchmarkMonotoneHashWithTrieLookupMiss,,,,,,,87.0,,,,,,,BenchmarkMonotoneHashWithTrieLookupMiss/Keys=8388608,8388608.0,,,,,1102.0,,3355756,,,
,,,6944.0,1.0,,BenchmarkTrieRebuilds,,,,,,,82800.0,,,,0.0,,,BenchmarkTrieRebuilds/Keys=1024,1024.0,,,,,617546.0,,5252,5252.0,,
,,,70847.0,1.0,,BenchmarkTrieRebuilds,,,,,,,764041.0,,,,0.0,,,BenchmarkTrieRebuilds/Keys=8192,8192.0,,,,,9083705.0,,384,384.0,,
,,,319674.0,1.0,,BenchmarkTrieRebuilds,,,,,,,3335663.0,,,,0.0,,,BenchmarkTrieRebuilds/Keys=32768,32768.0,,,,,38736682.0,,90,90.0,,
,,,224.0,,,BenchmarkMonotoneHashWithTrieMemory,,,40.25,64.0,256.0,,9144.0,,9.0,80.0,,,,BenchmarkMonotoneHashWithTrieMemory/Keys=32,32.0,,,,,40285.0,1.0,86606,,161.0,49.69
,,,1579.0,,,BenchmarkMonotoneHashWithTrieMemory,,,15.28,392.0,256.0,,24136.0,,9.0,80.0,,,,BenchmarkMonotoneHashWithTrieMemory/Keys=256,256.0,,,,,154258.0,1.0,23618,,489.0,16.36
,,,6944.0,,,BenchmarkMonotoneHashWithTrieMemory,,,14.34,1616.0,256.0,,82800.0,,36.0,176.0,,,,BenchmarkMonotoneHashWithTrieMemory/Keys=1024,1024.0,,,,,642575.0,4.0,5217,,1836.0,9.586
,,,70847.0,,,BenchmarkMonotoneHashWithTrieMemory,,,14.5,13264.0,256.0,,764041.0,,288.0,1288.0,,,,BenchmarkMonotoneHashWithTrieMemory/Keys=8192,8192.0,,,,,9939415.0,32.0,361,,14848.0,8.675
,,,319674.0,,,BenchmarkMonotoneHashWithTrieMemory,,,14.37,53216.0,256.0,,3335662.0,,1152.0,4464.0,,,,BenchmarkMonotoneHashWithTrieMemory/Keys=32768,32768.0,,,,,39472437.0,128.0,92,,58840.0,7.587
,,,2668087.0,,,BenchmarkMonotoneHashWithTrieMemory,,,14.3,425520.0,256.0,,27614435.0,,9216.0,33952.0,,,,BenchmarkMonotoneHashWithTrieMemory/Keys=262144,262144.0,,,,,334792757.0,1024.0,9,,468696.0,7.244
,,,11476009.0,,,BenchmarkMonotoneHashWithTrieMemory,,,14.29,1701152.0,256.0,,116936186.0,,36864.0,135088.0,,,,BenchmarkMonotoneHashWithTrieMemory/Keys=1048576,1048576.0,,,,,1402632105.0,4096.0,3,,1873112.0,7.212
,,,93009422.0,,,BenchmarkMonotoneHashWithTrieMemory,,,14.3,13617136.0,256.0,,948057624.0,,294912.0,1078944.0,,,,BenchmarkMonotoneHashWithTrieMemory/Keys=8388608,8388608.0,,,,,12735935512.0,32768.0,1,,14991000.0,7.197
,,,224.0,,,BenchmarkMemoryDetailed,,,,,,,9144.0,,,,,,,BenchmarkMemoryDetailed/Keys=32,32.0,,,,,31727.0,,108196,,,
,,,1579.0,,,BenchmarkMemoryDetailed,,,,,,,24136.0,,,,,,,BenchmarkMemoryDetailed/Keys=256,256.0,,,,,136306.0,,24961,,,
,,,6944.0,,,BenchmarkMemoryDetailed,,,,,,,82802.0,,,,,,,BenchmarkMemoryDetailed/Keys=1024,1024.0,,,,,593302.0,,7039,,,
,,,70847.0,,,BenchmarkMemoryDetailed,,,,,,,764277.0,,,,,,,BenchmarkMemoryDetailed/Keys=8192,8192.0,,,,,8938949.0,,405,,,
,,,319677.0,,,BenchmarkMemoryDetailed,,,,,,,3339275.0,,,,,,,BenchmarkMemoryDetailed/Keys=32768,32768.0,,,,,36623846.0,,99,,,
,,,2668326.0,,,BenchmarkMemoryDetailed,,,,,,,27839626.0,,,,,,,BenchmarkMemoryDetailed/Keys=262144,262144.0,,,,,297504511.0,,12,,,
,,,11480040.0,,,BenchmarkMemoryDetailed,,,,,,,120851616.0,,,,,,,BenchmarkMemoryDetailed/Keys=1048576,1048576.0,,,,,1202253647.0,,3,,,
,,,93107547.0,,,BenchmarkMemoryDetailed,,,,,,,1031713352.0,,,,,,,BenchmarkMemoryDetailed/Keys=8388608,8388608.0,,,,,10998244027.0,,1,,,
,,,6.0,,,BenchmarkBucketLookupScaling,,,,,,,48.0,,,,,,,BenchmarkBucketLookupScaling/Keys=1000,1000.0,,,,,429.0,,9308478,,,
,,,8.0,,,BenchmarkBucketLookupScaling,,,,,,,64.0,,,,,,,BenchmarkBucketLookupScaling/Keys=5000,5000.0,,,,,838.7,,4442155,,,
,,,8.0,,,BenchmarkBucketLookupScaling,,,,,,,64.0,,,,,,,BenchmarkBucketLookupScaling/Keys=10000,10000.0,,,,,754.2,,4928454,,,
,,,0.0,,,Benchmark_StdMap_BitString_Insert,,,,,,,8.0,,,,,,,Benchmark_StdMap_BitString_Insert,,,,,,536.2,,14168820,,,
